"bundesland";"freq";"date"
"Bgld";54;2020-03-21 19:45:00
"Ktn";84;2020-03-21 19:45:00
"NÖ";394;2020-03-21 19:45:00
"OÖ";594;2020-03-21 19:45:00
"Sbg";200;2020-03-21 19:45:00
"Stmk";389;2020-03-21 19:45:00
"T";578;2020-03-21 19:45:00
"Vbg";232;2020-03-21 19:45:00
"W";359;2020-03-21 19:45:00
"Bgld";54;2020-03-21 20:00:00
"Ktn";91;2020-03-21 20:00:00
"NÖ";401;2020-03-21 20:00:00
"OÖ";595;2020-03-21 20:00:00
"Sbg";200;2020-03-21 20:00:00
"Stmk";389;2020-03-21 20:00:00
"T";578;2020-03-21 20:00:00
"Vbg";232;2020-03-21 20:00:00
"W";359;2020-03-21 20:00:00
"Bgld";54;2020-03-21 20:15:00
"Ktn";95;2020-03-21 20:15:00
"NÖ";407;2020-03-21 20:15:00
"OÖ";596;2020-03-21 20:15:00
"Sbg";200;2020-03-21 20:15:00
"Stmk";391;2020-03-21 20:15:00
"T";578;2020-03-21 20:15:00
"Vbg";236;2020-03-21 20:15:00
"W";360;2020-03-21 20:15:00
"Bgld";54;2020-03-21 20:30:00
"Ktn";97;2020-03-21 20:30:00
"NÖ";412;2020-03-21 20:30:00
"OÖ";596;2020-03-21 20:30:00
"Sbg";200;2020-03-21 20:30:00
"Stmk";392;2020-03-21 20:30:00
"T";578;2020-03-21 20:30:00
"Vbg";236;2020-03-21 20:30:00
"W";362;2020-03-21 20:30:00
"Bgld";54;2020-03-21 20:45:00
"Ktn";97;2020-03-21 20:45:00
"NÖ";422;2020-03-21 20:45:00
"OÖ";596;2020-03-21 20:45:00
"Sbg";209;2020-03-21 20:45:00
"Stmk";393;2020-03-21 20:45:00
"T";578;2020-03-21 20:45:00
"Vbg";236;2020-03-21 20:45:00
"W";363;2020-03-21 20:45:00
"Bgld";54;2020-03-21 21:00:00
"Ktn";97;2020-03-21 21:00:00
"NÖ";422;2020-03-21 21:00:00
"OÖ";596;2020-03-21 21:00:00
"Sbg";209;2020-03-21 21:00:00
"Stmk";393;2020-03-21 21:00:00
"T";578;2020-03-21 21:00:00
"Vbg";240;2020-03-21 21:00:00
"W";364;2020-03-21 21:00:00
"Bgld";54;2020-03-21 21:15:00
"Ktn";97;2020-03-21 21:15:00
"NÖ";422;2020-03-21 21:15:00
"OÖ";596;2020-03-21 21:15:00
"Sbg";209;2020-03-21 21:15:00
"Stmk";393;2020-03-21 21:15:00
"T";578;2020-03-21 21:15:00
"Vbg";240;2020-03-21 21:15:00
"W";364;2020-03-21 21:15:00
"Bgld";54;2020-03-21 21:30:00
"Ktn";97;2020-03-21 21:30:00
"NÖ";422;2020-03-21 21:30:00
"OÖ";597;2020-03-21 21:30:00
"Sbg";209;2020-03-21 21:30:00
"Stmk";393;2020-03-21 21:30:00
"T";578;2020-03-21 21:30:00
"Vbg";240;2020-03-21 21:30:00
"W";364;2020-03-21 21:30:00
"Bgld";54;2020-03-21 21:45:00
"Ktn";97;2020-03-21 21:45:00
"NÖ";422;2020-03-21 21:45:00
"OÖ";597;2020-03-21 21:45:00
"Sbg";209;2020-03-21 21:45:00
"Stmk";393;2020-03-21 21:45:00
"T";578;2020-03-21 21:45:00
"Vbg";240;2020-03-21 21:45:00
"W";364;2020-03-21 21:45:00
"Bgld";54;2020-03-21 22:00:00
"Ktn";97;2020-03-21 22:00:00
"NÖ";422;2020-03-21 22:00:00
"OÖ";598;2020-03-21 22:00:00
"Sbg";209;2020-03-21 22:00:00
"Stmk";393;2020-03-21 22:00:00
"T";578;2020-03-21 22:00:00
"Vbg";240;2020-03-21 22:00:00
"W";364;2020-03-21 22:00:00
"Bgld";54;2020-03-21 22:15:00
"Ktn";97;2020-03-21 22:15:00
"NÖ";422;2020-03-21 22:15:00
"OÖ";598;2020-03-21 22:15:00
"Sbg";209;2020-03-21 22:15:00
"Stmk";393;2020-03-21 22:15:00
"T";582;2020-03-21 22:15:00
"Vbg";240;2020-03-21 22:15:00
"W";364;2020-03-21 22:15:00
"Bgld";54;2020-03-21 22:30:00
"Ktn";97;2020-03-21 22:30:00
"NÖ";422;2020-03-21 22:30:00
"OÖ";600;2020-03-21 22:30:00
"Sbg";209;2020-03-21 22:30:00
"Stmk";393;2020-03-21 22:30:00
"T";591;2020-03-21 22:30:00
"Vbg";240;2020-03-21 22:30:00
"W";364;2020-03-21 22:30:00
"Bgld";54;2020-03-21 22:45:00
"Ktn";97;2020-03-21 22:45:00
"NÖ";422;2020-03-21 22:45:00
"OÖ";600;2020-03-21 22:45:00
"Sbg";209;2020-03-21 22:45:00
"Stmk";393;2020-03-21 22:45:00
"T";604;2020-03-21 22:45:00
"Vbg";249;2020-03-21 22:45:00
"W";364;2020-03-21 22:45:00
"Bgld";54;2020-03-21 23:00:00
"Ktn";97;2020-03-21 23:00:00
"NÖ";422;2020-03-21 23:00:00
"OÖ";600;2020-03-21 23:00:00
"Sbg";209;2020-03-21 23:00:00
"Stmk";393;2020-03-21 23:00:00
"T";617;2020-03-21 23:00:00
"Vbg";249;2020-03-21 23:00:00
"W";364;2020-03-21 23:00:00
"Bgld";54;2020-03-21 23:15:00
"Ktn";97;2020-03-21 23:15:00
"NÖ";422;2020-03-21 23:15:00
"OÖ";605;2020-03-21 23:15:00
"Sbg";209;2020-03-21 23:15:00
"Stmk";393;2020-03-21 23:15:00
"T";624;2020-03-21 23:15:00
"Vbg";249;2020-03-21 23:15:00
"W";364;2020-03-21 23:15:00
"Bgld";54;2020-03-21 23:30:00
"Ktn";97;2020-03-21 23:30:00
"NÖ";422;2020-03-21 23:30:00
"OÖ";606;2020-03-21 23:30:00
"Sbg";209;2020-03-21 23:30:00
"Stmk";393;2020-03-21 23:30:00
"T";624;2020-03-21 23:30:00
"Vbg";249;2020-03-21 23:30:00
"W";364;2020-03-21 23:30:00
"Bgld";54;2020-03-21 23:45:00
"Ktn";97;2020-03-21 23:45:00
"NÖ";422;2020-03-21 23:45:00
"OÖ";606;2020-03-21 23:45:00
"Sbg";209;2020-03-21 23:45:00
"Stmk";393;2020-03-21 23:45:00
"T";624;2020-03-21 23:45:00
"Vbg";249;2020-03-21 23:45:00
"W";364;2020-03-21 23:45:00
"Bgld";54;2020-03-22 00:00:00
"Ktn";97;2020-03-22 00:00:00
"NÖ";422;2020-03-22 00:00:00
"OÖ";606;2020-03-22 00:00:00
"Sbg";209;2020-03-22 00:00:00
"Stmk";393;2020-03-22 00:00:00
"T";624;2020-03-22 00:00:00
"Vbg";249;2020-03-22 00:00:00
"W";364;2020-03-22 00:00:00
"Bgld";54;2020-03-22 00:15:00
"Ktn";97;2020-03-22 00:15:00
"NÖ";422;2020-03-22 00:15:00
"OÖ";606;2020-03-22 00:15:00
"Sbg";209;2020-03-22 00:15:00
"Stmk";393;2020-03-22 00:15:00
"T";624;2020-03-22 00:15:00
"Vbg";249;2020-03-22 00:15:00
"W";364;2020-03-22 00:15:00
"Bgld";54;2020-03-22 00:30:00
"Ktn";97;2020-03-22 00:30:00
"NÖ";422;2020-03-22 00:30:00
"OÖ";606;2020-03-22 00:30:00
"Sbg";209;2020-03-22 00:30:00
"Stmk";393;2020-03-22 00:30:00
"T";624;2020-03-22 00:30:00
"Vbg";249;2020-03-22 00:30:00
"W";364;2020-03-22 00:30:00
"Bgld";54;2020-03-22 00:45:00
"Ktn";97;2020-03-22 00:45:00
"NÖ";422;2020-03-22 00:45:00
"OÖ";606;2020-03-22 00:45:00
"Sbg";209;2020-03-22 00:45:00
"Stmk";393;2020-03-22 00:45:00
"T";624;2020-03-22 00:45:00
"Vbg";249;2020-03-22 00:45:00
"W";364;2020-03-22 00:45:00
"Bgld";54;2020-03-22 01:00:00
"Ktn";98;2020-03-22 01:00:00
"NÖ";422;2020-03-22 01:00:00
"OÖ";606;2020-03-22 01:00:00
"Sbg";209;2020-03-22 01:00:00
"Stmk";393;2020-03-22 01:00:00
"T";626;2020-03-22 01:00:00
"Vbg";249;2020-03-22 01:00:00
"W";364;2020-03-22 01:00:00
"Bgld";54;2020-03-22 01:15:00
"Ktn";98;2020-03-22 01:15:00
"NÖ";422;2020-03-22 01:15:00
"OÖ";606;2020-03-22 01:15:00
"Sbg";209;2020-03-22 01:15:00
"Stmk";393;2020-03-22 01:15:00
"T";626;2020-03-22 01:15:00
"Vbg";249;2020-03-22 01:15:00
"W";364;2020-03-22 01:15:00
"Bgld";54;2020-03-22 01:30:00
"Ktn";98;2020-03-22 01:30:00
"NÖ";422;2020-03-22 01:30:00
"OÖ";606;2020-03-22 01:30:00
"Sbg";209;2020-03-22 01:30:00
"Stmk";393;2020-03-22 01:30:00
"T";626;2020-03-22 01:30:00
"Vbg";249;2020-03-22 01:30:00
"W";364;2020-03-22 01:30:00
"Bgld";54;2020-03-22 01:45:00
"Ktn";98;2020-03-22 01:45:00
"NÖ";422;2020-03-22 01:45:00
"OÖ";606;2020-03-22 01:45:00
"Sbg";209;2020-03-22 01:45:00
"Stmk";393;2020-03-22 01:45:00
"T";626;2020-03-22 01:45:00
"Vbg";249;2020-03-22 01:45:00
"W";364;2020-03-22 01:45:00
"Bgld";54;2020-03-22 02:00:00
"Ktn";98;2020-03-22 02:00:00
"NÖ";422;2020-03-22 02:00:00
"OÖ";606;2020-03-22 02:00:00
"Sbg";209;2020-03-22 02:00:00
"Stmk";393;2020-03-22 02:00:00
"T";626;2020-03-22 02:00:00
"Vbg";249;2020-03-22 02:00:00
"W";364;2020-03-22 02:00:00
"Bgld";54;2020-03-22 02:15:00
"Ktn";98;2020-03-22 02:15:00
"NÖ";422;2020-03-22 02:15:00
"OÖ";606;2020-03-22 02:15:00
"Sbg";209;2020-03-22 02:15:00
"Stmk";393;2020-03-22 02:15:00
"T";626;2020-03-22 02:15:00
"Vbg";249;2020-03-22 02:15:00
"W";364;2020-03-22 02:15:00
"Bgld";54;2020-03-22 02:30:00
"Ktn";98;2020-03-22 02:30:00
"NÖ";422;2020-03-22 02:30:00
"OÖ";606;2020-03-22 02:30:00
"Sbg";209;2020-03-22 02:30:00
"Stmk";393;2020-03-22 02:30:00
"T";626;2020-03-22 02:30:00
"Vbg";249;2020-03-22 02:30:00
"W";364;2020-03-22 02:30:00
"Bgld";54;2020-03-22 02:45:00
"Ktn";98;2020-03-22 02:45:00
"NÖ";422;2020-03-22 02:45:00
"OÖ";606;2020-03-22 02:45:00
"Sbg";209;2020-03-22 02:45:00
"Stmk";393;2020-03-22 02:45:00
"T";626;2020-03-22 02:45:00
"Vbg";249;2020-03-22 02:45:00
"W";364;2020-03-22 02:45:00
"Bgld";54;2020-03-22 03:00:00
"Ktn";98;2020-03-22 03:00:00
"NÖ";422;2020-03-22 03:00:00
"OÖ";606;2020-03-22 03:00:00
"Sbg";209;2020-03-22 03:00:00
"Stmk";393;2020-03-22 03:00:00
"T";626;2020-03-22 03:00:00
"Vbg";249;2020-03-22 03:00:00
"W";364;2020-03-22 03:00:00
"Bgld";54;2020-03-22 03:15:00
"Ktn";98;2020-03-22 03:15:00
"NÖ";422;2020-03-22 03:15:00
"OÖ";606;2020-03-22 03:15:00
"Sbg";209;2020-03-22 03:15:00
"Stmk";393;2020-03-22 03:15:00
"T";626;2020-03-22 03:15:00
"Vbg";249;2020-03-22 03:15:00
"W";364;2020-03-22 03:15:00
"Bgld";54;2020-03-22 03:30:00
"Ktn";98;2020-03-22 03:30:00
"NÖ";422;2020-03-22 03:30:00
"OÖ";606;2020-03-22 03:30:00
"Sbg";209;2020-03-22 03:30:00
"Stmk";393;2020-03-22 03:30:00
"T";626;2020-03-22 03:30:00
"Vbg";249;2020-03-22 03:30:00
"W";367;2020-03-22 03:30:00
"Bgld";54;2020-03-22 03:45:00
"Ktn";98;2020-03-22 03:45:00
"NÖ";422;2020-03-22 03:45:00
"OÖ";606;2020-03-22 03:45:00
"Sbg";209;2020-03-22 03:45:00
"Stmk";393;2020-03-22 03:45:00
"T";626;2020-03-22 03:45:00
"Vbg";249;2020-03-22 03:45:00
"W";367;2020-03-22 03:45:00
"Bgld";54;2020-03-22 04:00:00
"Ktn";98;2020-03-22 04:00:00
"NÖ";422;2020-03-22 04:00:00
"OÖ";606;2020-03-22 04:00:00
"Sbg";209;2020-03-22 04:00:00
"Stmk";393;2020-03-22 04:00:00
"T";626;2020-03-22 04:00:00
"Vbg";249;2020-03-22 04:00:00
"W";367;2020-03-22 04:00:00
"Bgld";54;2020-03-22 04:15:00
"Ktn";98;2020-03-22 04:15:00
"NÖ";422;2020-03-22 04:15:00
"OÖ";606;2020-03-22 04:15:00
"Sbg";209;2020-03-22 04:15:00
"Stmk";393;2020-03-22 04:15:00
"T";626;2020-03-22 04:15:00
"Vbg";249;2020-03-22 04:15:00
"W";367;2020-03-22 04:15:00
"Bgld";54;2020-03-22 04:30:00
"Ktn";98;2020-03-22 04:30:00
"NÖ";422;2020-03-22 04:30:00
"OÖ";606;2020-03-22 04:30:00
"Sbg";209;2020-03-22 04:30:00
"Stmk";393;2020-03-22 04:30:00
"T";626;2020-03-22 04:30:00
"Vbg";249;2020-03-22 04:30:00
"W";367;2020-03-22 04:30:00
"Bgld";54;2020-03-22 04:45:00
"Ktn";98;2020-03-22 04:45:00
"NÖ";422;2020-03-22 04:45:00
"OÖ";606;2020-03-22 04:45:00
"Sbg";209;2020-03-22 04:45:00
"Stmk";393;2020-03-22 04:45:00
"T";626;2020-03-22 04:45:00
"Vbg";249;2020-03-22 04:45:00
"W";367;2020-03-22 04:45:00
"Bgld";54;2020-03-22 05:00:00
"Ktn";98;2020-03-22 05:00:00
"NÖ";422;2020-03-22 05:00:00
"OÖ";606;2020-03-22 05:00:00
"Sbg";209;2020-03-22 05:00:00
"Stmk";393;2020-03-22 05:00:00
"T";626;2020-03-22 05:00:00
"Vbg";249;2020-03-22 05:00:00
"W";367;2020-03-22 05:00:00
"Bgld";54;2020-03-22 05:15:00
"Ktn";98;2020-03-22 05:15:00
"NÖ";422;2020-03-22 05:15:00
"OÖ";606;2020-03-22 05:15:00
"Sbg";209;2020-03-22 05:15:00
"Stmk";393;2020-03-22 05:15:00
"T";626;2020-03-22 05:15:00
"Vbg";249;2020-03-22 05:15:00
"W";367;2020-03-22 05:15:00
"Bgld";54;2020-03-22 05:30:00
"Ktn";98;2020-03-22 05:30:00
"NÖ";422;2020-03-22 05:30:00
"OÖ";606;2020-03-22 05:30:00
"Sbg";209;2020-03-22 05:30:00
"Stmk";393;2020-03-22 05:30:00
"T";626;2020-03-22 05:30:00
"Vbg";249;2020-03-22 05:30:00
"W";367;2020-03-22 05:30:00
"Bgld";54;2020-03-22 05:45:00
"Ktn";98;2020-03-22 05:45:00
"NÖ";422;2020-03-22 05:45:00
"OÖ";606;2020-03-22 05:45:00
"Sbg";209;2020-03-22 05:45:00
"Stmk";393;2020-03-22 05:45:00
"T";626;2020-03-22 05:45:00
"Vbg";249;2020-03-22 05:45:00
"W";367;2020-03-22 05:45:00
"Bgld";54;2020-03-22 06:00:00
"Ktn";98;2020-03-22 06:00:00
"NÖ";422;2020-03-22 06:00:00
"OÖ";606;2020-03-22 06:00:00
"Sbg";209;2020-03-22 06:00:00
"Stmk";393;2020-03-22 06:00:00
"T";626;2020-03-22 06:00:00
"Vbg";249;2020-03-22 06:00:00
"W";367;2020-03-22 06:00:00
"Bgld";54;2020-03-22 06:15:00
"Ktn";98;2020-03-22 06:15:00
"NÖ";422;2020-03-22 06:15:00
"OÖ";606;2020-03-22 06:15:00
"Sbg";209;2020-03-22 06:15:00
"Stmk";393;2020-03-22 06:15:00
"T";626;2020-03-22 06:15:00
"Vbg";249;2020-03-22 06:15:00
"W";367;2020-03-22 06:15:00
"Bgld";54;2020-03-22 06:30:00
"Ktn";98;2020-03-22 06:30:00
"NÖ";422;2020-03-22 06:30:00
"OÖ";606;2020-03-22 06:30:00
"Sbg";209;2020-03-22 06:30:00
"Stmk";393;2020-03-22 06:30:00
"T";626;2020-03-22 06:30:00
"Vbg";249;2020-03-22 06:30:00
"W";367;2020-03-22 06:30:00
"Bgld";54;2020-03-22 06:45:00
"Ktn";98;2020-03-22 06:45:00
"NÖ";422;2020-03-22 06:45:00
"OÖ";606;2020-03-22 06:45:00
"Sbg";209;2020-03-22 06:45:00
"Stmk";393;2020-03-22 06:45:00
"T";626;2020-03-22 06:45:00
"Vbg";249;2020-03-22 06:45:00
"W";367;2020-03-22 06:45:00
"Bgld";54;2020-03-22 07:00:00
"Ktn";98;2020-03-22 07:00:00
"NÖ";422;2020-03-22 07:00:00
"OÖ";606;2020-03-22 07:00:00
"Sbg";209;2020-03-22 07:00:00
"Stmk";393;2020-03-22 07:00:00
"T";626;2020-03-22 07:00:00
"Vbg";249;2020-03-22 07:00:00
"W";367;2020-03-22 07:00:00
"Bgld";54;2020-03-22 07:15:00
"Ktn";98;2020-03-22 07:15:00
"NÖ";422;2020-03-22 07:15:00
"OÖ";606;2020-03-22 07:15:00
"Sbg";209;2020-03-22 07:15:00
"Stmk";393;2020-03-22 07:15:00
"T";626;2020-03-22 07:15:00
"Vbg";249;2020-03-22 07:15:00
"W";367;2020-03-22 07:15:00
"Bgld";54;2020-03-22 07:30:00
"Ktn";98;2020-03-22 07:30:00
"NÖ";422;2020-03-22 07:30:00
"OÖ";606;2020-03-22 07:30:00
"Sbg";209;2020-03-22 07:30:00
"Stmk";393;2020-03-22 07:30:00
"T";626;2020-03-22 07:30:00
"Vbg";249;2020-03-22 07:30:00
"W";369;2020-03-22 07:30:00
"Bgld";54;2020-03-22 07:45:00
"Ktn";98;2020-03-22 07:45:00
"NÖ";422;2020-03-22 07:45:00
"OÖ";606;2020-03-22 07:45:00
"Sbg";209;2020-03-22 07:45:00
"Stmk";393;2020-03-22 07:45:00
"T";626;2020-03-22 07:45:00
"Vbg";249;2020-03-22 07:45:00
"W";370;2020-03-22 07:45:00
"Bgld";54;2020-03-22 08:00:00
"Ktn";98;2020-03-22 08:00:00
"NÖ";422;2020-03-22 08:00:00
"OÖ";606;2020-03-22 08:00:00
"Sbg";209;2020-03-22 08:00:00
"Stmk";393;2020-03-22 08:00:00
"T";626;2020-03-22 08:00:00
"Vbg";249;2020-03-22 08:00:00
"W";370;2020-03-22 08:00:00
"Bgld";54;2020-03-22 08:15:00
"Ktn";98;2020-03-22 08:15:00
"NÖ";422;2020-03-22 08:15:00
"OÖ";606;2020-03-22 08:15:00
"Sbg";209;2020-03-22 08:15:00
"Stmk";393;2020-03-22 08:15:00
"T";626;2020-03-22 08:15:00
"Vbg";249;2020-03-22 08:15:00
"W";371;2020-03-22 08:15:00
"Bgld";54;2020-03-22 08:30:00
"Ktn";98;2020-03-22 08:30:00
"NÖ";422;2020-03-22 08:30:00
"OÖ";605;2020-03-22 08:30:00
"Sbg";209;2020-03-22 08:30:00
"Stmk";393;2020-03-22 08:30:00
"T";626;2020-03-22 08:30:00
"Vbg";249;2020-03-22 08:30:00
"W";372;2020-03-22 08:30:00
"Bgld";54;2020-03-22 08:45:00
"Ktn";98;2020-03-22 08:45:00
"NÖ";422;2020-03-22 08:45:00
"OÖ";605;2020-03-22 08:45:00
"Sbg";209;2020-03-22 08:45:00
"Stmk";393;2020-03-22 08:45:00
"T";626;2020-03-22 08:45:00
"Vbg";249;2020-03-22 08:45:00
"W";373;2020-03-22 08:45:00
"Bgld";55;2020-03-22 09:00:00
"Ktn";98;2020-03-22 09:00:00
"NÖ";422;2020-03-22 09:00:00
"OÖ";605;2020-03-22 09:00:00
"Sbg";209;2020-03-22 09:00:00
"Stmk";393;2020-03-22 09:00:00
"T";626;2020-03-22 09:00:00
"Vbg";249;2020-03-22 09:00:00
"W";380;2020-03-22 09:00:00
"Bgld";55;2020-03-22 09:15:00
"Ktn";98;2020-03-22 09:15:00
"NÖ";425;2020-03-22 09:15:00
"OÖ";605;2020-03-22 09:15:00
"Sbg";209;2020-03-22 09:15:00
"Stmk";395;2020-03-22 09:15:00
"T";626;2020-03-22 09:15:00
"Vbg";249;2020-03-22 09:15:00
"W";385;2020-03-22 09:15:00
"Bgld";55;2020-03-22 09:30:00
"Ktn";98;2020-03-22 09:30:00
"NÖ";433;2020-03-22 09:30:00
"OÖ";605;2020-03-22 09:30:00
"Sbg";209;2020-03-22 09:30:00
"Stmk";399;2020-03-22 09:30:00
"T";626;2020-03-22 09:30:00
"Vbg";250;2020-03-22 09:30:00
"W";387;2020-03-22 09:30:00
"Bgld";55;2020-03-22 09:45:00
"Ktn";98;2020-03-22 09:45:00
"NÖ";434;2020-03-22 09:45:00
"OÖ";605;2020-03-22 09:45:00
"Sbg";209;2020-03-22 09:45:00
"Stmk";406;2020-03-22 09:45:00
"T";626;2020-03-22 09:45:00
"Vbg";250;2020-03-22 09:45:00
"W";387;2020-03-22 09:45:00
"Bgld";55;2020-03-22 10:00:00
"Ktn";101;2020-03-22 10:00:00
"NÖ";434;2020-03-22 10:00:00
"OÖ";605;2020-03-22 10:00:00
"Sbg";209;2020-03-22 10:00:00
"Stmk";411;2020-03-22 10:00:00
"T";626;2020-03-22 10:00:00
"Vbg";250;2020-03-22 10:00:00
"W";387;2020-03-22 10:00:00
"Bgld";55;2020-03-22 10:15:00
"Ktn";101;2020-03-22 10:15:00
"NÖ";434;2020-03-22 10:15:00
"OÖ";606;2020-03-22 10:15:00
"Sbg";246;2020-03-22 10:15:00
"Stmk";414;2020-03-22 10:15:00
"T";626;2020-03-22 10:15:00
"Vbg";250;2020-03-22 10:15:00
"W";387;2020-03-22 10:15:00
"Bgld";55;2020-03-22 10:30:00
"Ktn";101;2020-03-22 10:30:00
"NÖ";434;2020-03-22 10:30:00
"OÖ";606;2020-03-22 10:30:00
"Sbg";246;2020-03-22 10:30:00
"Stmk";417;2020-03-22 10:30:00
"T";626;2020-03-22 10:30:00
"Vbg";250;2020-03-22 10:30:00
"W";387;2020-03-22 10:30:00
"Bgld";55;2020-03-22 10:45:00
"Ktn";101;2020-03-22 10:45:00
"NÖ";433;2020-03-22 10:45:00
"OÖ";606;2020-03-22 10:45:00
"Sbg";246;2020-03-22 10:45:00
"Stmk";418;2020-03-22 10:45:00
"T";626;2020-03-22 10:45:00
"Vbg";250;2020-03-22 10:45:00
"W";388;2020-03-22 10:45:00
"Bgld";55;2020-03-22 11:00:00
"Ktn";101;2020-03-22 11:00:00
"NÖ";433;2020-03-22 11:00:00
"OÖ";606;2020-03-22 11:00:00
"Sbg";246;2020-03-22 11:00:00
"Stmk";418;2020-03-22 11:00:00
"T";626;2020-03-22 11:00:00
"Vbg";250;2020-03-22 11:00:00
"W";388;2020-03-22 11:00:00
"Bgld";55;2020-03-22 11:15:00
"Ktn";101;2020-03-22 11:15:00
"NÖ";433;2020-03-22 11:15:00
"OÖ";605;2020-03-22 11:15:00
"Sbg";247;2020-03-22 11:15:00
"Stmk";418;2020-03-22 11:15:00
"T";626;2020-03-22 11:15:00
"Vbg";250;2020-03-22 11:15:00
"W";388;2020-03-22 11:15:00
"Bgld";55;2020-03-22 11:30:00
"Ktn";101;2020-03-22 11:30:00
"NÖ";433;2020-03-22 11:30:00
"OÖ";605;2020-03-22 11:30:00
"Sbg";247;2020-03-22 11:30:00
"Stmk";418;2020-03-22 11:30:00
"T";627;2020-03-22 11:30:00
"Vbg";250;2020-03-22 11:30:00
"W";389;2020-03-22 11:30:00
"Bgld";55;2020-03-22 11:45:00
"Ktn";102;2020-03-22 11:45:00
"NÖ";433;2020-03-22 11:45:00
"OÖ";605;2020-03-22 11:45:00
"Sbg";247;2020-03-22 11:45:00
"Stmk";418;2020-03-22 11:45:00
"T";632;2020-03-22 11:45:00
"Vbg";262;2020-03-22 11:45:00
"W";389;2020-03-22 11:45:00
"Bgld";55;2020-03-22 12:00:00
"Ktn";105;2020-03-22 12:00:00
"NÖ";433;2020-03-22 12:00:00
"OÖ";606;2020-03-22 12:00:00
"Sbg";247;2020-03-22 12:00:00
"Stmk";418;2020-03-22 12:00:00
"T";636;2020-03-22 12:00:00
"Vbg";262;2020-03-22 12:00:00
"W";389;2020-03-22 12:00:00
"Bgld";55;2020-03-22 12:15:00
"Ktn";105;2020-03-22 12:15:00
"NÖ";434;2020-03-22 12:15:00
"OÖ";609;2020-03-22 12:15:00
"Sbg";247;2020-03-22 12:15:00
"Stmk";420;2020-03-22 12:15:00
"T";643;2020-03-22 12:15:00
"Vbg";262;2020-03-22 12:15:00
"W";389;2020-03-22 12:15:00
"Bgld";55;2020-03-22 12:30:00
"Ktn";105;2020-03-22 12:30:00
"NÖ";434;2020-03-22 12:30:00
"OÖ";612;2020-03-22 12:30:00
"Sbg";247;2020-03-22 12:30:00
"Stmk";423;2020-03-22 12:30:00
"T";643;2020-03-22 12:30:00
"Vbg";262;2020-03-22 12:30:00
"W";389;2020-03-22 12:30:00
"Bgld";55;2020-03-22 12:45:00
"Ktn";105;2020-03-22 12:45:00
"NÖ";434;2020-03-22 12:45:00
"OÖ";612;2020-03-22 12:45:00
"Sbg";247;2020-03-22 12:45:00
"Stmk";424;2020-03-22 12:45:00
"T";643;2020-03-22 12:45:00
"Vbg";262;2020-03-22 12:45:00
"W";391;2020-03-22 12:45:00
"Bgld";55;2020-03-22 13:00:00
"Ktn";105;2020-03-22 13:00:00
"NÖ";434;2020-03-22 13:00:00
"OÖ";612;2020-03-22 13:00:00
"Sbg";247;2020-03-22 13:00:00
"Stmk";424;2020-03-22 13:00:00
"T";643;2020-03-22 13:00:00
"Vbg";263;2020-03-22 13:00:00
"W";398;2020-03-22 13:00:00
"Bgld";55;2020-03-22 13:15:00
"Ktn";105;2020-03-22 13:15:00
"NÖ";437;2020-03-22 13:15:00
"OÖ";618;2020-03-22 13:15:00
"Sbg";247;2020-03-22 13:15:00
"Stmk";424;2020-03-22 13:15:00
"T";643;2020-03-22 13:15:00
"Vbg";263;2020-03-22 13:15:00
"W";403;2020-03-22 13:15:00
"Bgld";55;2020-03-22 13:30:00
"Ktn";105;2020-03-22 13:30:00
"NÖ";441;2020-03-22 13:30:00
"OÖ";627;2020-03-22 13:30:00
"Sbg";247;2020-03-22 13:30:00
"Stmk";424;2020-03-22 13:30:00
"T";643;2020-03-22 13:30:00
"Vbg";263;2020-03-22 13:30:00
"W";403;2020-03-22 13:30:00
"Bgld";56;2020-03-22 13:45:00
"Ktn";105;2020-03-22 13:45:00
"NÖ";446;2020-03-22 13:45:00
"OÖ";627;2020-03-22 13:45:00
"Sbg";247;2020-03-22 13:45:00
"Stmk";424;2020-03-22 13:45:00
"T";643;2020-03-22 13:45:00
"Vbg";263;2020-03-22 13:45:00
"W";403;2020-03-22 13:45:00
"Bgld";62;2020-03-22 14:00:00
"Ktn";105;2020-03-22 14:00:00
"NÖ";446;2020-03-22 14:00:00
"OÖ";627;2020-03-22 14:00:00
"Sbg";248;2020-03-22 14:00:00
"Stmk";423;2020-03-22 14:00:00
"T";643;2020-03-22 14:00:00
"Vbg";263;2020-03-22 14:00:00
"W";403;2020-03-22 14:00:00
"Bgld";63;2020-03-22 14:15:00
"Ktn";105;2020-03-22 14:15:00
"NÖ";446;2020-03-22 14:15:00
"OÖ";627;2020-03-22 14:15:00
"Sbg";269;2020-03-22 14:15:00
"Stmk";423;2020-03-22 14:15:00
"T";644;2020-03-22 14:15:00
"Vbg";263;2020-03-22 14:15:00
"W";403;2020-03-22 14:15:00
"Bgld";63;2020-03-22 14:30:00
"Ktn";105;2020-03-22 14:30:00
"NÖ";446;2020-03-22 14:30:00
"OÖ";628;2020-03-22 14:30:00
"Sbg";269;2020-03-22 14:30:00
"Stmk";423;2020-03-22 14:30:00
"T";644;2020-03-22 14:30:00
"Vbg";263;2020-03-22 14:30:00
"W";403;2020-03-22 14:30:00
"Bgld";63;2020-03-22 14:45:00
"Ktn";106;2020-03-22 14:45:00
"NÖ";450;2020-03-22 14:45:00
"OÖ";629;2020-03-22 14:45:00
"Sbg";271;2020-03-22 14:45:00
"Stmk";423;2020-03-22 14:45:00
"T";644;2020-03-22 14:45:00
"Vbg";263;2020-03-22 14:45:00
"W";403;2020-03-22 14:45:00
"Bgld";63;2020-03-22 15:00:00
"Ktn";108;2020-03-22 15:00:00
"NÖ";460;2020-03-22 15:00:00
"OÖ";629;2020-03-22 15:00:00
"Sbg";271;2020-03-22 15:00:00
"Stmk";428;2020-03-22 15:00:00
"T";644;2020-03-22 15:00:00
"Vbg";263;2020-03-22 15:00:00
"W";403;2020-03-22 15:00:00
"Bgld";63;2020-03-22 15:15:00
"Ktn";108;2020-03-22 15:15:00
"NÖ";467;2020-03-22 15:15:00
"OÖ";629;2020-03-22 15:15:00
"Sbg";271;2020-03-22 15:15:00
"Stmk";433;2020-03-22 15:15:00
"T";644;2020-03-22 15:15:00
"Vbg";263;2020-03-22 15:15:00
"W";404;2020-03-22 15:15:00
"Bgld";63;2020-03-22 15:30:00
"Ktn";110;2020-03-22 15:30:00
"NÖ";467;2020-03-22 15:30:00
"OÖ";629;2020-03-22 15:30:00
"Sbg";271;2020-03-22 15:30:00
"Stmk";433;2020-03-22 15:30:00
"T";644;2020-03-22 15:30:00
"Vbg";263;2020-03-22 15:30:00
"W";405;2020-03-22 15:30:00
"Bgld";63;2020-03-22 15:45:00
"Ktn";110;2020-03-22 15:45:00
"NÖ";467;2020-03-22 15:45:00
"OÖ";629;2020-03-22 15:45:00
"Sbg";271;2020-03-22 15:45:00
"Stmk";433;2020-03-22 15:45:00
"T";644;2020-03-22 15:45:00
"Vbg";263;2020-03-22 15:45:00
"W";408;2020-03-22 15:45:00
"Bgld";64;2020-03-22 16:00:00
"Ktn";110;2020-03-22 16:00:00
"NÖ";467;2020-03-22 16:00:00
"OÖ";629;2020-03-22 16:00:00
"Sbg";271;2020-03-22 16:00:00
"Stmk";442;2020-03-22 16:00:00
"T";644;2020-03-22 16:00:00
"Vbg";263;2020-03-22 16:00:00
"W";412;2020-03-22 16:00:00
"Bgld";64;2020-03-22 16:15:00
"Ktn";110;2020-03-22 16:15:00
"NÖ";467;2020-03-22 16:15:00
"OÖ";629;2020-03-22 16:15:00
"Sbg";308;2020-03-22 16:15:00
"Stmk";442;2020-03-22 16:15:00
"T";644;2020-03-22 16:15:00
"Vbg";272;2020-03-22 16:15:00
"W";424;2020-03-22 16:15:00
"Bgld";64;2020-03-22 16:30:00
"Ktn";110;2020-03-22 16:30:00
"NÖ";468;2020-03-22 16:30:00
"OÖ";636;2020-03-22 16:30:00
"Sbg";308;2020-03-22 16:30:00
"Stmk";442;2020-03-22 16:30:00
"T";644;2020-03-22 16:30:00
"Vbg";272;2020-03-22 16:30:00
"W";429;2020-03-22 16:30:00
"Bgld";64;2020-03-22 16:45:00
"Ktn";110;2020-03-22 16:45:00
"NÖ";469;2020-03-22 16:45:00
"OÖ";637;2020-03-22 16:45:00
"Sbg";308;2020-03-22 16:45:00
"Stmk";442;2020-03-22 16:45:00
"T";644;2020-03-22 16:45:00
"Vbg";272;2020-03-22 16:45:00
"W";429;2020-03-22 16:45:00
"Bgld";64;2020-03-22 17:00:00
"Ktn";110;2020-03-22 17:00:00
"NÖ";470;2020-03-22 17:00:00
"OÖ";637;2020-03-22 17:00:00
"Sbg";308;2020-03-22 17:00:00
"Stmk";442;2020-03-22 17:00:00
"T";644;2020-03-22 17:00:00
"Vbg";272;2020-03-22 17:00:00
"W";429;2020-03-22 17:00:00
"Bgld";64;2020-03-22 17:15:00
"Ktn";110;2020-03-22 17:15:00
"NÖ";470;2020-03-22 17:15:00
"OÖ";640;2020-03-22 17:15:00
"Sbg";308;2020-03-22 17:15:00
"Stmk";446;2020-03-22 17:15:00
"T";647;2020-03-22 17:15:00
"Vbg";280;2020-03-22 17:15:00
"W";429;2020-03-22 17:15:00
"Bgld";64;2020-03-22 17:30:00
"Ktn";110;2020-03-22 17:30:00
"NÖ";470;2020-03-22 17:30:00
"OÖ";641;2020-03-22 17:30:00
"Sbg";308;2020-03-22 17:30:00
"Stmk";446;2020-03-22 17:30:00
"T";651;2020-03-22 17:30:00
"Vbg";280;2020-03-22 17:30:00
"W";429;2020-03-22 17:30:00
"Bgld";64;2020-03-22 17:45:00
"Ktn";110;2020-03-22 17:45:00
"NÖ";470;2020-03-22 17:45:00
"OÖ";641;2020-03-22 17:45:00
"Sbg";308;2020-03-22 17:45:00
"Stmk";446;2020-03-22 17:45:00
"T";659;2020-03-22 17:45:00
"Vbg";280;2020-03-22 17:45:00
"W";429;2020-03-22 17:45:00
"Bgld";64;2020-03-22 18:00:00
"Ktn";110;2020-03-22 18:00:00
"NÖ";470;2020-03-22 18:00:00
"OÖ";643;2020-03-22 18:00:00
"Sbg";308;2020-03-22 18:00:00
"Stmk";446;2020-03-22 18:00:00
"T";665;2020-03-22 18:00:00
"Vbg";280;2020-03-22 18:00:00
"W";429;2020-03-22 18:00:00
"Bgld";64;2020-03-22 18:15:00
"Ktn";110;2020-03-22 18:15:00
"NÖ";470;2020-03-22 18:15:00
"OÖ";651;2020-03-22 18:15:00
"Sbg";320;2020-03-22 18:15:00
"Stmk";446;2020-03-22 18:15:00
"T";665;2020-03-22 18:15:00
"Vbg";280;2020-03-22 18:15:00
"W";429;2020-03-22 18:15:00
"Bgld";64;2020-03-22 18:30:00
"Ktn";110;2020-03-22 18:30:00
"NÖ";470;2020-03-22 18:30:00
"OÖ";651;2020-03-22 18:30:00
"Sbg";320;2020-03-22 18:30:00
"Stmk";446;2020-03-22 18:30:00
"T";665;2020-03-22 18:30:00
"Vbg";280;2020-03-22 18:30:00
"W";429;2020-03-22 18:30:00
"Bgld";64;2020-03-22 18:45:00
"Ktn";110;2020-03-22 18:45:00
"NÖ";470;2020-03-22 18:45:00
"OÖ";652;2020-03-22 18:45:00
"Sbg";320;2020-03-22 18:45:00
"Stmk";446;2020-03-22 18:45:00
"T";665;2020-03-22 18:45:00
"Vbg";293;2020-03-22 18:45:00
"W";429;2020-03-22 18:45:00
"Bgld";64;2020-03-22 19:00:00
"Ktn";110;2020-03-22 19:00:00
"NÖ";470;2020-03-22 19:00:00
"OÖ";652;2020-03-22 19:00:00
"Sbg";320;2020-03-22 19:00:00
"Stmk";446;2020-03-22 19:00:00
"T";665;2020-03-22 19:00:00
"Vbg";294;2020-03-22 19:00:00
"W";429;2020-03-22 19:00:00
"Bgld";64;2020-03-22 19:15:00
"Ktn";110;2020-03-22 19:15:00
"NÖ";471;2020-03-22 19:15:00
"OÖ";656;2020-03-22 19:15:00
"Sbg";320;2020-03-22 19:15:00
"Stmk";446;2020-03-22 19:15:00
"T";666;2020-03-22 19:15:00
"Vbg";294;2020-03-22 19:15:00
"W";429;2020-03-22 19:15:00
"Bgld";64;2020-03-22 19:30:00
"Ktn";110;2020-03-22 19:30:00
"NÖ";482;2020-03-22 19:30:00
"OÖ";658;2020-03-22 19:30:00
"Sbg";320;2020-03-22 19:30:00
"Stmk";446;2020-03-22 19:30:00
"T";667;2020-03-22 19:30:00
"Vbg";294;2020-03-22 19:30:00
"W";431;2020-03-22 19:30:00
"Bgld";64;2020-03-22 19:45:00
"Ktn";110;2020-03-22 19:45:00
"NÖ";493;2020-03-22 19:45:00
"OÖ";660;2020-03-22 19:45:00
"Sbg";320;2020-03-22 19:45:00
"Stmk";446;2020-03-22 19:45:00
"T";667;2020-03-22 19:45:00
"Vbg";294;2020-03-22 19:45:00
"W";443;2020-03-22 19:45:00
"Bgld";64;2020-03-22 20:00:00
"Ktn";110;2020-03-22 20:00:00
"NÖ";507;2020-03-22 20:00:00
"OÖ";667;2020-03-22 20:00:00
"Sbg";320;2020-03-22 20:00:00
"Stmk";446;2020-03-22 20:00:00
"T";667;2020-03-22 20:00:00
"Vbg";294;2020-03-22 20:00:00
"W";443;2020-03-22 20:00:00
"Bgld";64;2020-03-22 20:15:00
"Ktn";110;2020-03-22 20:15:00
"NÖ";511;2020-03-22 20:15:00
"OÖ";673;2020-03-22 20:15:00
"Sbg";345;2020-03-22 20:15:00
"Stmk";446;2020-03-22 20:15:00
"T";672;2020-03-22 20:15:00
"Vbg";294;2020-03-22 20:15:00
"W";443;2020-03-22 20:15:00
"Bgld";64;2020-03-22 20:30:00
"Ktn";110;2020-03-22 20:30:00
"NÖ";511;2020-03-22 20:30:00
"OÖ";673;2020-03-22 20:30:00
"Sbg";345;2020-03-22 20:30:00
"Stmk";446;2020-03-22 20:30:00
"T";672;2020-03-22 20:30:00
"Vbg";294;2020-03-22 20:30:00
"W";443;2020-03-22 20:30:00
"Bgld";64;2020-03-22 20:45:00
"Ktn";110;2020-03-22 20:45:00
"NÖ";511;2020-03-22 20:45:00
"OÖ";674;2020-03-22 20:45:00
"Sbg";345;2020-03-22 20:45:00
"Stmk";446;2020-03-22 20:45:00
"T";672;2020-03-22 20:45:00
"Vbg";294;2020-03-22 20:45:00
"W";443;2020-03-22 20:45:00
"Bgld";64;2020-03-22 21:00:00
"Ktn";110;2020-03-22 21:00:00
"NÖ";511;2020-03-22 21:00:00
"OÖ";675;2020-03-22 21:00:00
"Sbg";345;2020-03-22 21:00:00
"Stmk";446;2020-03-22 21:00:00
"T";673;2020-03-22 21:00:00
"Vbg";294;2020-03-22 21:00:00
"W";443;2020-03-22 21:00:00
"Bgld";64;2020-03-22 21:15:00
"Ktn";110;2020-03-22 21:15:00
"NÖ";511;2020-03-22 21:15:00
"OÖ";675;2020-03-22 21:15:00
"Sbg";345;2020-03-22 21:15:00
"Stmk";446;2020-03-22 21:15:00
"T";676;2020-03-22 21:15:00
"Vbg";294;2020-03-22 21:15:00
"W";443;2020-03-22 21:15:00
"Bgld";64;2020-03-22 21:30:00
"Ktn";110;2020-03-22 21:30:00
"NÖ";511;2020-03-22 21:30:00
"OÖ";678;2020-03-22 21:30:00
"Sbg";345;2020-03-22 21:30:00
"Stmk";446;2020-03-22 21:30:00
"T";676;2020-03-22 21:30:00
"Vbg";294;2020-03-22 21:30:00
"W";443;2020-03-22 21:30:00
"Bgld";64;2020-03-22 21:45:00
"Ktn";110;2020-03-22 21:45:00
"NÖ";511;2020-03-22 21:45:00
"OÖ";681;2020-03-22 21:45:00
"Sbg";345;2020-03-22 21:45:00
"Stmk";446;2020-03-22 21:45:00
"T";676;2020-03-22 21:45:00
"Vbg";294;2020-03-22 21:45:00
"W";443;2020-03-22 21:45:00
"Bgld";64;2020-03-22 22:00:00
"Ktn";110;2020-03-22 22:00:00
"NÖ";511;2020-03-22 22:00:00
"OÖ";681;2020-03-22 22:00:00
"Sbg";345;2020-03-22 22:00:00
"Stmk";446;2020-03-22 22:00:00
"T";676;2020-03-22 22:00:00
"Vbg";294;2020-03-22 22:00:00
"W";443;2020-03-22 22:00:00
"Bgld";64;2020-03-22 22:15:00
"Ktn";111;2020-03-22 22:15:00
"NÖ";511;2020-03-22 22:15:00
"OÖ";681;2020-03-22 22:15:00
"Sbg";354;2020-03-22 22:15:00
"Stmk";446;2020-03-22 22:15:00
"T";676;2020-03-22 22:15:00
"Vbg";294;2020-03-22 22:15:00
"W";443;2020-03-22 22:15:00
"Bgld";64;2020-03-22 22:30:00
"Ktn";113;2020-03-22 22:30:00
"NÖ";511;2020-03-22 22:30:00
"OÖ";681;2020-03-22 22:30:00
"Sbg";354;2020-03-22 22:30:00
"Stmk";446;2020-03-22 22:30:00
"T";676;2020-03-22 22:30:00
"Vbg";294;2020-03-22 22:30:00
"W";443;2020-03-22 22:30:00
"Bgld";64;2020-03-22 22:45:00
"Ktn";113;2020-03-22 22:45:00
"NÖ";511;2020-03-22 22:45:00
"OÖ";681;2020-03-22 22:45:00
"Sbg";354;2020-03-22 22:45:00
"Stmk";446;2020-03-22 22:45:00
"T";676;2020-03-22 22:45:00
"Vbg";294;2020-03-22 22:45:00
"W";443;2020-03-22 22:45:00
"Bgld";64;2020-03-22 23:00:00
"Ktn";113;2020-03-22 23:00:00
"NÖ";511;2020-03-22 23:00:00
"OÖ";681;2020-03-22 23:00:00
"Sbg";354;2020-03-22 23:00:00
"Stmk";446;2020-03-22 23:00:00
"T";676;2020-03-22 23:00:00
"Vbg";294;2020-03-22 23:00:00
"W";443;2020-03-22 23:00:00
"Bgld";64;2020-03-22 23:15:00
"Ktn";113;2020-03-22 23:15:00
"NÖ";511;2020-03-22 23:15:00
"OÖ";681;2020-03-22 23:15:00
"Sbg";354;2020-03-22 23:15:00
"Stmk";446;2020-03-22 23:15:00
"T";676;2020-03-22 23:15:00
"Vbg";294;2020-03-22 23:15:00
"W";443;2020-03-22 23:15:00
"Bgld";64;2020-03-22 23:30:00
"Ktn";113;2020-03-22 23:30:00
"NÖ";511;2020-03-22 23:30:00
"OÖ";681;2020-03-22 23:30:00
"Sbg";354;2020-03-22 23:30:00
"Stmk";446;2020-03-22 23:30:00
"T";676;2020-03-22 23:30:00
"Vbg";294;2020-03-22 23:30:00
"W";443;2020-03-22 23:30:00
"Bgld";64;2020-03-22 23:45:00
"Ktn";113;2020-03-22 23:45:00
"NÖ";511;2020-03-22 23:45:00
"OÖ";681;2020-03-22 23:45:00
"Sbg";354;2020-03-22 23:45:00
"Stmk";446;2020-03-22 23:45:00
"T";676;2020-03-22 23:45:00
"Vbg";294;2020-03-22 23:45:00
"W";443;2020-03-22 23:45:00
"Bgld";64;2020-03-23 00:00:00
"Ktn";113;2020-03-23 00:00:00
"NÖ";511;2020-03-23 00:00:00
"OÖ";681;2020-03-23 00:00:00
"Sbg";354;2020-03-23 00:00:00
"Stmk";446;2020-03-23 00:00:00
"T";676;2020-03-23 00:00:00
"Vbg";294;2020-03-23 00:00:00
"W";443;2020-03-23 00:00:00
"Bgld";64;2020-03-23 00:15:00
"Ktn";113;2020-03-23 00:15:00
"NÖ";511;2020-03-23 00:15:00
"OÖ";681;2020-03-23 00:15:00
"Sbg";354;2020-03-23 00:15:00
"Stmk";446;2020-03-23 00:15:00
"T";676;2020-03-23 00:15:00
"Vbg";294;2020-03-23 00:15:00
"W";443;2020-03-23 00:15:00
"Bgld";64;2020-03-23 00:30:00
"Ktn";113;2020-03-23 00:30:00
"NÖ";511;2020-03-23 00:30:00
"OÖ";681;2020-03-23 00:30:00
"Sbg";354;2020-03-23 00:30:00
"Stmk";446;2020-03-23 00:30:00
"T";676;2020-03-23 00:30:00
"Vbg";294;2020-03-23 00:30:00
"W";443;2020-03-23 00:30:00
"Bgld";64;2020-03-23 00:45:00
"Ktn";113;2020-03-23 00:45:00
"NÖ";511;2020-03-23 00:45:00
"OÖ";681;2020-03-23 00:45:00
"Sbg";354;2020-03-23 00:45:00
"Stmk";446;2020-03-23 00:45:00
"T";676;2020-03-23 00:45:00
"Vbg";294;2020-03-23 00:45:00
"W";443;2020-03-23 00:45:00
"Bgld";64;2020-03-23 01:00:00
"Ktn";113;2020-03-23 01:00:00
"NÖ";511;2020-03-23 01:00:00
"OÖ";681;2020-03-23 01:00:00
"Sbg";354;2020-03-23 01:00:00
"Stmk";446;2020-03-23 01:00:00
"T";676;2020-03-23 01:00:00
"Vbg";294;2020-03-23 01:00:00
"W";443;2020-03-23 01:00:00
"Bgld";64;2020-03-23 01:15:00
"Ktn";113;2020-03-23 01:15:00
"NÖ";511;2020-03-23 01:15:00
"OÖ";681;2020-03-23 01:15:00
"Sbg";354;2020-03-23 01:15:00
"Stmk";446;2020-03-23 01:15:00
"T";676;2020-03-23 01:15:00
"Vbg";294;2020-03-23 01:15:00
"W";443;2020-03-23 01:15:00
"Bgld";64;2020-03-23 01:30:00
"Ktn";113;2020-03-23 01:30:00
"NÖ";511;2020-03-23 01:30:00
"OÖ";681;2020-03-23 01:30:00
"Sbg";354;2020-03-23 01:30:00
"Stmk";446;2020-03-23 01:30:00
"T";676;2020-03-23 01:30:00
"Vbg";294;2020-03-23 01:30:00
"W";443;2020-03-23 01:30:00
"Bgld";64;2020-03-23 01:45:00
"Ktn";113;2020-03-23 01:45:00
"NÖ";511;2020-03-23 01:45:00
"OÖ";681;2020-03-23 01:45:00
"Sbg";354;2020-03-23 01:45:00
"Stmk";446;2020-03-23 01:45:00
"T";676;2020-03-23 01:45:00
"Vbg";294;2020-03-23 01:45:00
"W";443;2020-03-23 01:45:00
"Bgld";64;2020-03-23 02:00:00
"Ktn";113;2020-03-23 02:00:00
"NÖ";511;2020-03-23 02:00:00
"OÖ";681;2020-03-23 02:00:00
"Sbg";354;2020-03-23 02:00:00
"Stmk";446;2020-03-23 02:00:00
"T";676;2020-03-23 02:00:00
"Vbg";294;2020-03-23 02:00:00
"W";443;2020-03-23 02:00:00
"Bgld";64;2020-03-23 02:15:00
"Ktn";113;2020-03-23 02:15:00
"NÖ";511;2020-03-23 02:15:00
"OÖ";681;2020-03-23 02:15:00
"Sbg";354;2020-03-23 02:15:00
"Stmk";446;2020-03-23 02:15:00
"T";676;2020-03-23 02:15:00
"Vbg";294;2020-03-23 02:15:00
"W";443;2020-03-23 02:15:00
"Bgld";64;2020-03-23 02:30:00
"Ktn";113;2020-03-23 02:30:00
"NÖ";511;2020-03-23 02:30:00
"OÖ";681;2020-03-23 02:30:00
"Sbg";354;2020-03-23 02:30:00
"Stmk";446;2020-03-23 02:30:00
"T";676;2020-03-23 02:30:00
"Vbg";294;2020-03-23 02:30:00
"W";443;2020-03-23 02:30:00
"Bgld";64;2020-03-23 02:45:00
"Ktn";113;2020-03-23 02:45:00
"NÖ";511;2020-03-23 02:45:00
"OÖ";681;2020-03-23 02:45:00
"Sbg";354;2020-03-23 02:45:00
"Stmk";446;2020-03-23 02:45:00
"T";676;2020-03-23 02:45:00
"Vbg";294;2020-03-23 02:45:00
"W";443;2020-03-23 02:45:00
"Bgld";64;2020-03-23 03:00:00
"Ktn";113;2020-03-23 03:00:00
"NÖ";511;2020-03-23 03:00:00
"OÖ";681;2020-03-23 03:00:00
"Sbg";354;2020-03-23 03:00:00
"Stmk";446;2020-03-23 03:00:00
"T";676;2020-03-23 03:00:00
"Vbg";294;2020-03-23 03:00:00
"W";443;2020-03-23 03:00:00
"Bgld";64;2020-03-23 03:15:00
"Ktn";113;2020-03-23 03:15:00
"NÖ";511;2020-03-23 03:15:00
"OÖ";681;2020-03-23 03:15:00
"Sbg";354;2020-03-23 03:15:00
"Stmk";446;2020-03-23 03:15:00
"T";676;2020-03-23 03:15:00
"Vbg";294;2020-03-23 03:15:00
"W";444;2020-03-23 03:15:00
"Bgld";64;2020-03-23 03:30:00
"Ktn";113;2020-03-23 03:30:00
"NÖ";511;2020-03-23 03:30:00
"OÖ";681;2020-03-23 03:30:00
"Sbg";354;2020-03-23 03:30:00
"Stmk";446;2020-03-23 03:30:00
"T";676;2020-03-23 03:30:00
"Vbg";294;2020-03-23 03:30:00
"W";445;2020-03-23 03:30:00
"Bgld";64;2020-03-23 03:45:00
"Ktn";113;2020-03-23 03:45:00
"NÖ";511;2020-03-23 03:45:00
"OÖ";681;2020-03-23 03:45:00
"Sbg";354;2020-03-23 03:45:00
"Stmk";446;2020-03-23 03:45:00
"T";676;2020-03-23 03:45:00
"Vbg";294;2020-03-23 03:45:00
"W";445;2020-03-23 03:45:00
"Bgld";64;2020-03-23 04:00:00
"Ktn";113;2020-03-23 04:00:00
"NÖ";511;2020-03-23 04:00:00
"OÖ";681;2020-03-23 04:00:00
"Sbg";354;2020-03-23 04:00:00
"Stmk";446;2020-03-23 04:00:00
"T";676;2020-03-23 04:00:00
"Vbg";294;2020-03-23 04:00:00
"W";445;2020-03-23 04:00:00
"Bgld";64;2020-03-23 04:15:00
"Ktn";113;2020-03-23 04:15:00
"NÖ";511;2020-03-23 04:15:00
"OÖ";681;2020-03-23 04:15:00
"Sbg";354;2020-03-23 04:15:00
"Stmk";446;2020-03-23 04:15:00
"T";676;2020-03-23 04:15:00
"Vbg";294;2020-03-23 04:15:00
"W";445;2020-03-23 04:15:00
"Bgld";64;2020-03-23 04:30:00
"Ktn";113;2020-03-23 04:30:00
"NÖ";511;2020-03-23 04:30:00
"OÖ";681;2020-03-23 04:30:00
"Sbg";354;2020-03-23 04:30:00
"Stmk";446;2020-03-23 04:30:00
"T";676;2020-03-23 04:30:00
"Vbg";294;2020-03-23 04:30:00
"W";445;2020-03-23 04:30:00
"Bgld";64;2020-03-23 04:45:00
"Ktn";113;2020-03-23 04:45:00
"NÖ";511;2020-03-23 04:45:00
"OÖ";681;2020-03-23 04:45:00
"Sbg";354;2020-03-23 04:45:00
"Stmk";446;2020-03-23 04:45:00
"T";676;2020-03-23 04:45:00
"Vbg";294;2020-03-23 04:45:00
"W";445;2020-03-23 04:45:00
"Bgld";64;2020-03-23 05:00:00
"Ktn";113;2020-03-23 05:00:00
"NÖ";511;2020-03-23 05:00:00
"OÖ";681;2020-03-23 05:00:00
"Sbg";354;2020-03-23 05:00:00
"Stmk";446;2020-03-23 05:00:00
"T";676;2020-03-23 05:00:00
"Vbg";294;2020-03-23 05:00:00
"W";445;2020-03-23 05:00:00
"Bgld";64;2020-03-23 05:15:00
"Ktn";113;2020-03-23 05:15:00
"NÖ";511;2020-03-23 05:15:00
"OÖ";681;2020-03-23 05:15:00
"Sbg";354;2020-03-23 05:15:00
"Stmk";446;2020-03-23 05:15:00
"T";676;2020-03-23 05:15:00
"Vbg";294;2020-03-23 05:15:00
"W";445;2020-03-23 05:15:00
"Bgld";64;2020-03-23 05:30:00
"Ktn";113;2020-03-23 05:30:00
"NÖ";511;2020-03-23 05:30:00
"OÖ";681;2020-03-23 05:30:00
"Sbg";354;2020-03-23 05:30:00
"Stmk";446;2020-03-23 05:30:00
"T";676;2020-03-23 05:30:00
"Vbg";294;2020-03-23 05:30:00
"W";445;2020-03-23 05:30:00
"Bgld";64;2020-03-23 05:45:00
"Ktn";113;2020-03-23 05:45:00
"NÖ";511;2020-03-23 05:45:00
"OÖ";681;2020-03-23 05:45:00
"Sbg";354;2020-03-23 05:45:00
"Stmk";446;2020-03-23 05:45:00
"T";676;2020-03-23 05:45:00
"Vbg";294;2020-03-23 05:45:00
"W";445;2020-03-23 05:45:00
"Bgld";64;2020-03-23 06:00:00
"Ktn";113;2020-03-23 06:00:00
"NÖ";511;2020-03-23 06:00:00
"OÖ";681;2020-03-23 06:00:00
"Sbg";354;2020-03-23 06:00:00
"Stmk";446;2020-03-23 06:00:00
"T";676;2020-03-23 06:00:00
"Vbg";294;2020-03-23 06:00:00
"W";445;2020-03-23 06:00:00
"Bgld";64;2020-03-23 06:15:00
"Ktn";113;2020-03-23 06:15:00
"NÖ";511;2020-03-23 06:15:00
"OÖ";681;2020-03-23 06:15:00
"Sbg";354;2020-03-23 06:15:00
"Stmk";446;2020-03-23 06:15:00
"T";676;2020-03-23 06:15:00
"Vbg";294;2020-03-23 06:15:00
"W";445;2020-03-23 06:15:00
"Bgld";64;2020-03-23 06:30:00
"Ktn";113;2020-03-23 06:30:00
"NÖ";511;2020-03-23 06:30:00
"OÖ";681;2020-03-23 06:30:00
"Sbg";354;2020-03-23 06:30:00
"Stmk";446;2020-03-23 06:30:00
"T";676;2020-03-23 06:30:00
"Vbg";294;2020-03-23 06:30:00
"W";445;2020-03-23 06:30:00
"Bgld";64;2020-03-23 06:45:00
"Ktn";113;2020-03-23 06:45:00
"NÖ";511;2020-03-23 06:45:00
"OÖ";681;2020-03-23 06:45:00
"Sbg";354;2020-03-23 06:45:00
"Stmk";446;2020-03-23 06:45:00
"T";676;2020-03-23 06:45:00
"Vbg";294;2020-03-23 06:45:00
"W";445;2020-03-23 06:45:00
"Bgld";64;2020-03-23 07:00:00
"Ktn";113;2020-03-23 07:00:00
"NÖ";512;2020-03-23 07:00:00
"OÖ";681;2020-03-23 07:00:00
"Sbg";354;2020-03-23 07:00:00
"Stmk";446;2020-03-23 07:00:00
"T";676;2020-03-23 07:00:00
"Vbg";294;2020-03-23 07:00:00
"W";446;2020-03-23 07:00:00
"Bgld";64;2020-03-23 07:15:00
"Ktn";113;2020-03-23 07:15:00
"NÖ";512;2020-03-23 07:15:00
"OÖ";683;2020-03-23 07:15:00
"Sbg";354;2020-03-23 07:15:00
"Stmk";446;2020-03-23 07:15:00
"T";676;2020-03-23 07:15:00
"Vbg";294;2020-03-23 07:15:00
"W";449;2020-03-23 07:15:00
"Bgld";64;2020-03-23 07:30:00
"Ktn";113;2020-03-23 07:30:00
"NÖ";512;2020-03-23 07:30:00
"OÖ";693;2020-03-23 07:30:00
"Sbg";354;2020-03-23 07:30:00
"Stmk";446;2020-03-23 07:30:00
"T";676;2020-03-23 07:30:00
"Vbg";294;2020-03-23 07:30:00
"W";450;2020-03-23 07:30:00
"Bgld";64;2020-03-23 07:45:00
"Ktn";113;2020-03-23 07:45:00
"NÖ";512;2020-03-23 07:45:00
"OÖ";693;2020-03-23 07:45:00
"Sbg";354;2020-03-23 07:45:00
"Stmk";446;2020-03-23 07:45:00
"T";676;2020-03-23 07:45:00
"Vbg";294;2020-03-23 07:45:00
"W";451;2020-03-23 07:45:00
"Bgld";64;2020-03-23 08:00:00
"Ktn";113;2020-03-23 08:00:00
"NÖ";512;2020-03-23 08:00:00
"OÖ";696;2020-03-23 08:00:00
"Sbg";358;2020-03-23 08:00:00
"Stmk";447;2020-03-23 08:00:00
"T";676;2020-03-23 08:00:00
"Vbg";294;2020-03-23 08:00:00
"W";451;2020-03-23 08:00:00
"Bgld";64;2020-03-23 08:15:00
"Ktn";113;2020-03-23 08:15:00
"NÖ";515;2020-03-23 08:15:00
"OÖ";696;2020-03-23 08:15:00
"Sbg";358;2020-03-23 08:15:00
"Stmk";452;2020-03-23 08:15:00
"T";676;2020-03-23 08:15:00
"Vbg";294;2020-03-23 08:15:00
"W";451;2020-03-23 08:15:00
"Bgld";64;2020-03-23 08:30:00
"Ktn";114;2020-03-23 08:30:00
"NÖ";520;2020-03-23 08:30:00
"OÖ";696;2020-03-23 08:30:00
"Sbg";358;2020-03-23 08:30:00
"Stmk";454;2020-03-23 08:30:00
"T";676;2020-03-23 08:30:00
"Vbg";294;2020-03-23 08:30:00
"W";451;2020-03-23 08:30:00
"Bgld";64;2020-03-23 08:45:00
"Ktn";114;2020-03-23 08:45:00
"NÖ";520;2020-03-23 08:45:00
"OÖ";696;2020-03-23 08:45:00
"Sbg";358;2020-03-23 08:45:00
"Stmk";454;2020-03-23 08:45:00
"T";676;2020-03-23 08:45:00
"Vbg";297;2020-03-23 08:45:00
"W";451;2020-03-23 08:45:00
"Bgld";64;2020-03-23 09:00:00
"Ktn";115;2020-03-23 09:00:00
"NÖ";520;2020-03-23 09:00:00
"OÖ";696;2020-03-23 09:00:00
"Sbg";358;2020-03-23 09:00:00
"Stmk";454;2020-03-23 09:00:00
"T";676;2020-03-23 09:00:00
"Vbg";297;2020-03-23 09:00:00
"W";451;2020-03-23 09:00:00
"Bgld";64;2020-03-23 09:15:00
"Ktn";115;2020-03-23 09:15:00
"NÖ";520;2020-03-23 09:15:00
"OÖ";696;2020-03-23 09:15:00
"Sbg";358;2020-03-23 09:15:00
"Stmk";454;2020-03-23 09:15:00
"T";676;2020-03-23 09:15:00
"Vbg";297;2020-03-23 09:15:00
"W";451;2020-03-23 09:15:00
"Bgld";64;2020-03-23 09:30:00
"Ktn";115;2020-03-23 09:30:00
"NÖ";520;2020-03-23 09:30:00
"OÖ";696;2020-03-23 09:30:00
"Sbg";358;2020-03-23 09:30:00
"Stmk";454;2020-03-23 09:30:00
"T";676;2020-03-23 09:30:00
"Vbg";302;2020-03-23 09:30:00
"W";452;2020-03-23 09:30:00
"Bgld";64;2020-03-23 09:45:00
"Ktn";115;2020-03-23 09:45:00
"NÖ";520;2020-03-23 09:45:00
"OÖ";696;2020-03-23 09:45:00
"Sbg";358;2020-03-23 09:45:00
"Stmk";454;2020-03-23 09:45:00
"T";676;2020-03-23 09:45:00
"Vbg";309;2020-03-23 09:45:00
"W";452;2020-03-23 09:45:00
"Bgld";64;2020-03-23 10:00:00
"Ktn";115;2020-03-23 10:00:00
"NÖ";519;2020-03-23 10:00:00
"OÖ";696;2020-03-23 10:00:00
"Sbg";358;2020-03-23 10:00:00
"Stmk";454;2020-03-23 10:00:00
"T";676;2020-03-23 10:00:00
"Vbg";309;2020-03-23 10:00:00
"W";452;2020-03-23 10:00:00
"Bgld";64;2020-03-23 10:15:00
"Ktn";115;2020-03-23 10:15:00
"NÖ";519;2020-03-23 10:15:00
"OÖ";696;2020-03-23 10:15:00
"Sbg";358;2020-03-23 10:15:00
"Stmk";455;2020-03-23 10:15:00
"T";678;2020-03-23 10:15:00
"Vbg";309;2020-03-23 10:15:00
"W";452;2020-03-23 10:15:00
"Bgld";64;2020-03-23 10:30:00
"Ktn";115;2020-03-23 10:30:00
"NÖ";519;2020-03-23 10:30:00
"OÖ";696;2020-03-23 10:30:00
"Sbg";362;2020-03-23 10:30:00
"Stmk";460;2020-03-23 10:30:00
"T";686;2020-03-23 10:30:00
"Vbg";309;2020-03-23 10:30:00
"W";452;2020-03-23 10:30:00
"Bgld";64;2020-03-23 10:45:00
"Ktn";119;2020-03-23 10:45:00
"NÖ";519;2020-03-23 10:45:00
"OÖ";697;2020-03-23 10:45:00
"Sbg";362;2020-03-23 10:45:00
"Stmk";461;2020-03-23 10:45:00
"T";686;2020-03-23 10:45:00
"Vbg";309;2020-03-23 10:45:00
"W";452;2020-03-23 10:45:00
"Bgld";64;2020-03-23 11:00:00
"Ktn";121;2020-03-23 11:00:00
"NÖ";519;2020-03-23 11:00:00
"OÖ";697;2020-03-23 11:00:00
"Sbg";362;2020-03-23 11:00:00
"Stmk";461;2020-03-23 11:00:00
"T";694;2020-03-23 11:00:00
"Vbg";309;2020-03-23 11:00:00
"W";452;2020-03-23 11:00:00
"Bgld";64;2020-03-23 11:15:00
"Ktn";121;2020-03-23 11:15:00
"NÖ";519;2020-03-23 11:15:00
"OÖ";698;2020-03-23 11:15:00
"Sbg";362;2020-03-23 11:15:00
"Stmk";461;2020-03-23 11:15:00
"T";709;2020-03-23 11:15:00
"Vbg";309;2020-03-23 11:15:00
"W";452;2020-03-23 11:15:00
"Bgld";64;2020-03-23 11:30:00
"Ktn";121;2020-03-23 11:30:00
"NÖ";519;2020-03-23 11:30:00
"OÖ";698;2020-03-23 11:30:00
"Sbg";362;2020-03-23 11:30:00
"Stmk";461;2020-03-23 11:30:00
"T";712;2020-03-23 11:30:00
"Vbg";309;2020-03-23 11:30:00
"W";452;2020-03-23 11:30:00
"Bgld";64;2020-03-23 11:45:00
"Ktn";121;2020-03-23 11:45:00
"NÖ";522;2020-03-23 11:45:00
"OÖ";698;2020-03-23 11:45:00
"Sbg";362;2020-03-23 11:45:00
"Stmk";461;2020-03-23 11:45:00
"T";730;2020-03-23 11:45:00
"Vbg";309;2020-03-23 11:45:00
"W";456;2020-03-23 11:45:00
"Bgld";64;2020-03-23 12:00:00
"Ktn";121;2020-03-23 12:00:00
"NÖ";527;2020-03-23 12:00:00
"OÖ";698;2020-03-23 12:00:00
"Sbg";362;2020-03-23 12:00:00
"Stmk";461;2020-03-23 12:00:00
"T";750;2020-03-23 12:00:00
"Vbg";319;2020-03-23 12:00:00
"W";457;2020-03-23 12:00:00
"Bgld";66;2020-03-23 12:15:00
"Ktn";121;2020-03-23 12:15:00
"NÖ";535;2020-03-23 12:15:00
"OÖ";698;2020-03-23 12:15:00
"Sbg";362;2020-03-23 12:15:00
"Stmk";461;2020-03-23 12:15:00
"T";754;2020-03-23 12:15:00
"Vbg";319;2020-03-23 12:15:00
"W";457;2020-03-23 12:15:00
"Bgld";70;2020-03-23 12:30:00
"Ktn";121;2020-03-23 12:30:00
"NÖ";540;2020-03-23 12:30:00
"OÖ";698;2020-03-23 12:30:00
"Sbg";362;2020-03-23 12:30:00
"Stmk";461;2020-03-23 12:30:00
"T";754;2020-03-23 12:30:00
"Vbg";319;2020-03-23 12:30:00
"W";459;2020-03-23 12:30:00
"Bgld";71;2020-03-23 12:45:00
"Ktn";121;2020-03-23 12:45:00
"NÖ";550;2020-03-23 12:45:00
"OÖ";701;2020-03-23 12:45:00
"Sbg";362;2020-03-23 12:45:00
"Stmk";461;2020-03-23 12:45:00
"T";757;2020-03-23 12:45:00
"Vbg";319;2020-03-23 12:45:00
"W";464;2020-03-23 12:45:00
"Bgld";71;2020-03-23 13:00:00
"Ktn";121;2020-03-23 13:00:00
"NÖ";555;2020-03-23 13:00:00
"OÖ";703;2020-03-23 13:00:00
"Sbg";362;2020-03-23 13:00:00
"Stmk";461;2020-03-23 13:00:00
"T";765;2020-03-23 13:00:00
"Vbg";319;2020-03-23 13:00:00
"W";471;2020-03-23 13:00:00
"Bgld";71;2020-03-23 13:15:00
"Ktn";122;2020-03-23 13:15:00
"NÖ";558;2020-03-23 13:15:00
"OÖ";703;2020-03-23 13:15:00
"Sbg";363;2020-03-23 13:15:00
"Stmk";461;2020-03-23 13:15:00
"T";767;2020-03-23 13:15:00
"Vbg";319;2020-03-23 13:15:00
"W";474;2020-03-23 13:15:00
"Bgld";71;2020-03-23 13:30:00
"Ktn";122;2020-03-23 13:30:00
"NÖ";562;2020-03-23 13:30:00
"OÖ";703;2020-03-23 13:30:00
"Sbg";363;2020-03-23 13:30:00
"Stmk";461;2020-03-23 13:30:00
"T";773;2020-03-23 13:30:00
"Vbg";319;2020-03-23 13:30:00
"W";474;2020-03-23 13:30:00
"Bgld";71;2020-03-23 13:45:00
"Ktn";122;2020-03-23 13:45:00
"NÖ";566;2020-03-23 13:45:00
"OÖ";707;2020-03-23 13:45:00
"Sbg";363;2020-03-23 13:45:00
"Stmk";461;2020-03-23 13:45:00
"T";781;2020-03-23 13:45:00
"Vbg";319;2020-03-23 13:45:00
"W";475;2020-03-23 13:45:00
"Bgld";71;2020-03-23 14:00:00
"Ktn";122;2020-03-23 14:00:00
"NÖ";567;2020-03-23 14:00:00
"OÖ";707;2020-03-23 14:00:00
"Sbg";363;2020-03-23 14:00:00
"Stmk";469;2020-03-23 14:00:00
"T";795;2020-03-23 14:00:00
"Vbg";323;2020-03-23 14:00:00
"W";475;2020-03-23 14:00:00
"Bgld";71;2020-03-23 14:15:00
"Ktn";122;2020-03-23 14:15:00
"NÖ";566;2020-03-23 14:15:00
"OÖ";707;2020-03-23 14:15:00
"Sbg";372;2020-03-23 14:15:00
"Stmk";486;2020-03-23 14:15:00
"T";800;2020-03-23 14:15:00
"Vbg";323;2020-03-23 14:15:00
"W";476;2020-03-23 14:15:00
"Bgld";71;2020-03-23 14:30:00
"Ktn";122;2020-03-23 14:30:00
"NÖ";564;2020-03-23 14:30:00
"OÖ";707;2020-03-23 14:30:00
"Sbg";372;2020-03-23 14:30:00
"Stmk";486;2020-03-23 14:30:00
"T";803;2020-03-23 14:30:00
"Vbg";323;2020-03-23 14:30:00
"W";476;2020-03-23 14:30:00
"Bgld";71;2020-03-23 14:45:00
"Ktn";122;2020-03-23 14:45:00
"NÖ";564;2020-03-23 14:45:00
"OÖ";707;2020-03-23 14:45:00
"Sbg";372;2020-03-23 14:45:00
"Stmk";486;2020-03-23 14:45:00
"T";804;2020-03-23 14:45:00
"Vbg";323;2020-03-23 14:45:00
"W";478;2020-03-23 14:45:00
"Bgld";72;2020-03-23 15:00:00
"Ktn";123;2020-03-23 15:00:00
"NÖ";570;2020-03-23 15:00:00
"OÖ";708;2020-03-23 15:00:00
"Sbg";372;2020-03-23 15:00:00
"Stmk";489;2020-03-23 15:00:00
"T";808;2020-03-23 15:00:00
"Vbg";323;2020-03-23 15:00:00
"W";478;2020-03-23 15:00:00
"Bgld";72;2020-03-23 15:15:00
"Ktn";130;2020-03-23 15:15:00
"NÖ";572;2020-03-23 15:15:00
"OÖ";717;2020-03-23 15:15:00
"Sbg";371;2020-03-23 15:15:00
"Stmk";490;2020-03-23 15:15:00
"T";810;2020-03-23 15:15:00
"Vbg";327;2020-03-23 15:15:00
"W";478;2020-03-23 15:15:00
"Bgld";72;2020-03-23 15:30:00
"Ktn";130;2020-03-23 15:30:00
"NÖ";572;2020-03-23 15:30:00
"OÖ";721;2020-03-23 15:30:00
"Sbg";371;2020-03-23 15:30:00
"Stmk";490;2020-03-23 15:30:00
"T";816;2020-03-23 15:30:00
"Vbg";327;2020-03-23 15:30:00
"W";478;2020-03-23 15:30:00
"Bgld";73;2020-03-23 15:45:00
"Ktn";131;2020-03-23 15:45:00
"NÖ";573;2020-03-23 15:45:00
"OÖ";721;2020-03-23 15:45:00
"Sbg";371;2020-03-23 15:45:00
"Stmk";492;2020-03-23 15:45:00
"T";827;2020-03-23 15:45:00
"Vbg";327;2020-03-23 15:45:00
"W";479;2020-03-23 15:45:00
"Bgld";73;2020-03-23 16:00:00
"Ktn";132;2020-03-23 16:00:00
"NÖ";574;2020-03-23 16:00:00
"OÖ";721;2020-03-23 16:00:00
"Sbg";371;2020-03-23 16:00:00
"Stmk";492;2020-03-23 16:00:00
"T";844;2020-03-23 16:00:00
"Vbg";327;2020-03-23 16:00:00
"W";484;2020-03-23 16:00:00
"Bgld";73;2020-03-23 16:15:00
"Ktn";132;2020-03-23 16:15:00
"NÖ";575;2020-03-23 16:15:00
"OÖ";721;2020-03-23 16:15:00
"Sbg";382;2020-03-23 16:15:00
"Stmk";492;2020-03-23 16:15:00
"T";850;2020-03-23 16:15:00
"Vbg";327;2020-03-23 16:15:00
"W";490;2020-03-23 16:15:00
"Bgld";73;2020-03-23 16:30:00
"Ktn";132;2020-03-23 16:30:00
"NÖ";577;2020-03-23 16:30:00
"OÖ";721;2020-03-23 16:30:00
"Sbg";382;2020-03-23 16:30:00
"Stmk";491;2020-03-23 16:30:00
"T";855;2020-03-23 16:30:00
"Vbg";327;2020-03-23 16:30:00
"W";499;2020-03-23 16:30:00
"Bgld";77;2020-03-23 16:45:00
"Ktn";132;2020-03-23 16:45:00
"NÖ";582;2020-03-23 16:45:00
"OÖ";721;2020-03-23 16:45:00
"Sbg";382;2020-03-23 16:45:00
"Stmk";491;2020-03-23 16:45:00
"T";864;2020-03-23 16:45:00
"Vbg";327;2020-03-23 16:45:00
"W";499;2020-03-23 16:45:00
"Bgld";82;2020-03-23 17:00:00
"Ktn";132;2020-03-23 17:00:00
"NÖ";590;2020-03-23 17:00:00
"OÖ";721;2020-03-23 17:00:00
"Sbg";382;2020-03-23 17:00:00
"Stmk";491;2020-03-23 17:00:00
"T";869;2020-03-23 17:00:00
"Vbg";327;2020-03-23 17:00:00
"W";503;2020-03-23 17:00:00
"Bgld";83;2020-03-23 17:15:00
"Ktn";133;2020-03-23 17:15:00
"NÖ";591;2020-03-23 17:15:00
"OÖ";725;2020-03-23 17:15:00
"Sbg";382;2020-03-23 17:15:00
"Stmk";491;2020-03-23 17:15:00
"T";1043;2020-03-23 17:15:00
"Vbg";327;2020-03-23 17:15:00
"W";521;2020-03-23 17:15:00
"Bgld";83;2020-03-23 17:30:00
"Ktn";133;2020-03-23 17:30:00
"NÖ";591;2020-03-23 17:30:00
"OÖ";725;2020-03-23 17:30:00
"Sbg";382;2020-03-23 17:30:00
"Stmk";491;2020-03-23 17:30:00
"T";1043;2020-03-23 17:30:00
"Vbg";327;2020-03-23 17:30:00
"W";531;2020-03-23 17:30:00
"Bgld";83;2020-03-23 17:45:00
"Ktn";133;2020-03-23 17:45:00
"NÖ";591;2020-03-23 17:45:00
"OÖ";726;2020-03-23 17:45:00
"Sbg";382;2020-03-23 17:45:00
"Stmk";491;2020-03-23 17:45:00
"T";1051;2020-03-23 17:45:00
"Vbg";344;2020-03-23 17:45:00
"W";534;2020-03-23 17:45:00
"Bgld";83;2020-03-23 18:00:00
"Ktn";133;2020-03-23 18:00:00
"NÖ";592;2020-03-23 18:00:00
"OÖ";732;2020-03-23 18:00:00
"Sbg";382;2020-03-23 18:00:00
"Stmk";491;2020-03-23 18:00:00
"T";1055;2020-03-23 18:00:00
"Vbg";344;2020-03-23 18:00:00
"W";534;2020-03-23 18:00:00
"Bgld";83;2020-03-23 18:15:00
"Ktn";134;2020-03-23 18:15:00
"NÖ";592;2020-03-23 18:15:00
"OÖ";743;2020-03-23 18:15:00
"Sbg";395;2020-03-23 18:15:00
"Stmk";491;2020-03-23 18:15:00
"T";1056;2020-03-23 18:15:00
"Vbg";344;2020-03-23 18:15:00
"W";536;2020-03-23 18:15:00
"Bgld";83;2020-03-23 18:30:00
"Ktn";134;2020-03-23 18:30:00
"NÖ";592;2020-03-23 18:30:00
"OÖ";745;2020-03-23 18:30:00
"Sbg";395;2020-03-23 18:30:00
"Stmk";491;2020-03-23 18:30:00
"T";1056;2020-03-23 18:30:00
"Vbg";344;2020-03-23 18:30:00
"W";536;2020-03-23 18:30:00
"Bgld";83;2020-03-23 18:45:00
"Ktn";134;2020-03-23 18:45:00
"NÖ";594;2020-03-23 18:45:00
"OÖ";745;2020-03-23 18:45:00
"Sbg";395;2020-03-23 18:45:00
"Stmk";499;2020-03-23 18:45:00
"T";1056;2020-03-23 18:45:00
"Vbg";344;2020-03-23 18:45:00
"W";546;2020-03-23 18:45:00
"Bgld";83;2020-03-23 19:00:00
"Ktn";134;2020-03-23 19:00:00
"NÖ";603;2020-03-23 19:00:00
"OÖ";746;2020-03-23 19:00:00
"Sbg";395;2020-03-23 19:00:00
"Stmk";503;2020-03-23 19:00:00
"T";1056;2020-03-23 19:00:00
"Vbg";352;2020-03-23 19:00:00
"W";554;2020-03-23 19:00:00
"Bgld";85;2020-03-23 19:15:00
"Ktn";135;2020-03-23 19:15:00
"NÖ";607;2020-03-23 19:15:00
"OÖ";747;2020-03-23 19:15:00
"Sbg";395;2020-03-23 19:15:00
"Stmk";503;2020-03-23 19:15:00
"T";1057;2020-03-23 19:15:00
"Vbg";352;2020-03-23 19:15:00
"W";555;2020-03-23 19:15:00
"Bgld";85;2020-03-23 19:30:00
"Ktn";135;2020-03-23 19:30:00
"NÖ";607;2020-03-23 19:30:00
"OÖ";751;2020-03-23 19:30:00
"Sbg";395;2020-03-23 19:30:00
"Stmk";503;2020-03-23 19:30:00
"T";1056;2020-03-23 19:30:00
"Vbg";352;2020-03-23 19:30:00
"W";555;2020-03-23 19:30:00
"Bgld";85;2020-03-23 19:45:00
"Ktn";135;2020-03-23 19:45:00
"NÖ";607;2020-03-23 19:45:00
"OÖ";752;2020-03-23 19:45:00
"Sbg";395;2020-03-23 19:45:00
"Stmk";503;2020-03-23 19:45:00
"T";1063;2020-03-23 19:45:00
"Vbg";352;2020-03-23 19:45:00
"W";555;2020-03-23 19:45:00
"Bgld";85;2020-03-23 20:00:00
"Ktn";135;2020-03-23 20:00:00
"NÖ";608;2020-03-23 20:00:00
"OÖ";752;2020-03-23 20:00:00
"Sbg";395;2020-03-23 20:00:00
"Stmk";503;2020-03-23 20:00:00
"T";1065;2020-03-23 20:00:00
"Vbg";352;2020-03-23 20:00:00
"W";558;2020-03-23 20:00:00
"Bgld";85;2020-03-23 20:15:00
"Ktn";135;2020-03-23 20:15:00
"NÖ";609;2020-03-23 20:15:00
"OÖ";753;2020-03-23 20:15:00
"Sbg";404;2020-03-23 20:15:00
"Stmk";503;2020-03-23 20:15:00
"T";1065;2020-03-23 20:15:00
"Vbg";352;2020-03-23 20:15:00
"W";559;2020-03-23 20:15:00
"Bgld";85;2020-03-23 20:30:00
"Ktn";135;2020-03-23 20:30:00
"NÖ";609;2020-03-23 20:30:00
"OÖ";756;2020-03-23 20:30:00
"Sbg";404;2020-03-23 20:30:00
"Stmk";503;2020-03-23 20:30:00
"T";1065;2020-03-23 20:30:00
"Vbg";352;2020-03-23 20:30:00
"W";559;2020-03-23 20:30:00
"Bgld";85;2020-03-23 20:45:00
"Ktn";135;2020-03-23 20:45:00
"NÖ";609;2020-03-23 20:45:00
"OÖ";761;2020-03-23 20:45:00
"Sbg";404;2020-03-23 20:45:00
"Stmk";503;2020-03-23 20:45:00
"T";1068;2020-03-23 20:45:00
"Vbg";352;2020-03-23 20:45:00
"W";559;2020-03-23 20:45:00
"Bgld";85;2020-03-23 21:00:00
"Ktn";135;2020-03-23 21:00:00
"NÖ";609;2020-03-23 21:00:00
"OÖ";762;2020-03-23 21:00:00
"Sbg";404;2020-03-23 21:00:00
"Stmk";503;2020-03-23 21:00:00
"T";1069;2020-03-23 21:00:00
"Vbg";352;2020-03-23 21:00:00
"W";559;2020-03-23 21:00:00
"Bgld";85;2020-03-23 21:15:00
"Ktn";135;2020-03-23 21:15:00
"NÖ";609;2020-03-23 21:15:00
"OÖ";762;2020-03-23 21:15:00
"Sbg";404;2020-03-23 21:15:00
"Stmk";503;2020-03-23 21:15:00
"T";1069;2020-03-23 21:15:00
"Vbg";352;2020-03-23 21:15:00
"W";558;2020-03-23 21:15:00
"Bgld";85;2020-03-23 21:30:00
"Ktn";135;2020-03-23 21:30:00
"NÖ";609;2020-03-23 21:30:00
"OÖ";761;2020-03-23 21:30:00
"Sbg";404;2020-03-23 21:30:00
"Stmk";503;2020-03-23 21:30:00
"T";1067;2020-03-23 21:30:00
"Vbg";352;2020-03-23 21:30:00
"W";557;2020-03-23 21:30:00
"Bgld";85;2020-03-23 21:45:00
"Ktn";135;2020-03-23 21:45:00
"NÖ";609;2020-03-23 21:45:00
"OÖ";762;2020-03-23 21:45:00
"Sbg";404;2020-03-23 21:45:00
"Stmk";503;2020-03-23 21:45:00
"T";1065;2020-03-23 21:45:00
"Vbg";352;2020-03-23 21:45:00
"W";557;2020-03-23 21:45:00
"Bgld";85;2020-03-23 22:00:00
"Ktn";135;2020-03-23 22:00:00
"NÖ";609;2020-03-23 22:00:00
"OÖ";764;2020-03-23 22:00:00
"Sbg";404;2020-03-23 22:00:00
"Stmk";503;2020-03-23 22:00:00
"T";1065;2020-03-23 22:00:00
"Vbg";352;2020-03-23 22:00:00
"W";557;2020-03-23 22:00:00
"Bgld";85;2020-03-23 22:15:00
"Ktn";135;2020-03-23 22:15:00
"NÖ";609;2020-03-23 22:15:00
"OÖ";764;2020-03-23 22:15:00
"Sbg";404;2020-03-23 22:15:00
"Stmk";503;2020-03-23 22:15:00
"T";1065;2020-03-23 22:15:00
"Vbg";352;2020-03-23 22:15:00
"W";557;2020-03-23 22:15:00
"Bgld";85;2020-03-23 22:30:00
"Ktn";135;2020-03-23 22:30:00
"NÖ";609;2020-03-23 22:30:00
"OÖ";764;2020-03-23 22:30:00
"Sbg";404;2020-03-23 22:30:00
"Stmk";503;2020-03-23 22:30:00
"T";1065;2020-03-23 22:30:00
"Vbg";352;2020-03-23 22:30:00
"W";557;2020-03-23 22:30:00
"Bgld";85;2020-03-23 22:45:00
"Ktn";135;2020-03-23 22:45:00
"NÖ";609;2020-03-23 22:45:00
"OÖ";764;2020-03-23 22:45:00
"Sbg";404;2020-03-23 22:45:00
"Stmk";503;2020-03-23 22:45:00
"T";1065;2020-03-23 22:45:00
"Vbg";352;2020-03-23 22:45:00
"W";557;2020-03-23 22:45:00
"Bgld";85;2020-03-23 23:00:00
"Ktn";135;2020-03-23 23:00:00
"NÖ";609;2020-03-23 23:00:00
"OÖ";764;2020-03-23 23:00:00
"Sbg";404;2020-03-23 23:00:00
"Stmk";503;2020-03-23 23:00:00
"T";1065;2020-03-23 23:00:00
"Vbg";352;2020-03-23 23:00:00
"W";557;2020-03-23 23:00:00
"Bgld";85;2020-03-23 23:15:00
"Ktn";135;2020-03-23 23:15:00
"NÖ";609;2020-03-23 23:15:00
"OÖ";764;2020-03-23 23:15:00
"Sbg";404;2020-03-23 23:15:00
"Stmk";503;2020-03-23 23:15:00
"T";1065;2020-03-23 23:15:00
"Vbg";352;2020-03-23 23:15:00
"W";557;2020-03-23 23:15:00
"Bgld";85;2020-03-23 23:30:00
"Ktn";135;2020-03-23 23:30:00
"NÖ";609;2020-03-23 23:30:00
"OÖ";764;2020-03-23 23:30:00
"Sbg";404;2020-03-23 23:30:00
"Stmk";503;2020-03-23 23:30:00
"T";1065;2020-03-23 23:30:00
"Vbg";352;2020-03-23 23:30:00
"W";557;2020-03-23 23:30:00
"Bgld";85;2020-03-23 23:45:00
"Ktn";135;2020-03-23 23:45:00
"NÖ";609;2020-03-23 23:45:00
"OÖ";764;2020-03-23 23:45:00
"Sbg";404;2020-03-23 23:45:00
"Stmk";503;2020-03-23 23:45:00
"T";1065;2020-03-23 23:45:00
"Vbg";352;2020-03-23 23:45:00
"W";557;2020-03-23 23:45:00
"Bgld";85;2020-03-24 00:00:00
"Ktn";135;2020-03-24 00:00:00
"NÖ";609;2020-03-24 00:00:00
"OÖ";764;2020-03-24 00:00:00
"Sbg";404;2020-03-24 00:00:00
"Stmk";503;2020-03-24 00:00:00
"T";1065;2020-03-24 00:00:00
"Vbg";352;2020-03-24 00:00:00
"W";557;2020-03-24 00:00:00
"Bgld";85;2020-03-24 00:15:00
"Ktn";135;2020-03-24 00:15:00
"NÖ";609;2020-03-24 00:15:00
"OÖ";764;2020-03-24 00:15:00
"Sbg";404;2020-03-24 00:15:00
"Stmk";503;2020-03-24 00:15:00
"T";1065;2020-03-24 00:15:00
"Vbg";352;2020-03-24 00:15:00
"W";557;2020-03-24 00:15:00
"Bgld";85;2020-03-24 00:30:00
"Ktn";135;2020-03-24 00:30:00
"NÖ";609;2020-03-24 00:30:00
"OÖ";764;2020-03-24 00:30:00
"Sbg";404;2020-03-24 00:30:00
"Stmk";503;2020-03-24 00:30:00
"T";1065;2020-03-24 00:30:00
"Vbg";352;2020-03-24 00:30:00
"W";557;2020-03-24 00:30:00
"Bgld";85;2020-03-24 00:45:00
"Ktn";135;2020-03-24 00:45:00
"NÖ";609;2020-03-24 00:45:00
"OÖ";764;2020-03-24 00:45:00
"Sbg";404;2020-03-24 00:45:00
"Stmk";503;2020-03-24 00:45:00
"T";1065;2020-03-24 00:45:00
"Vbg";352;2020-03-24 00:45:00
"W";557;2020-03-24 00:45:00
"Bgld";85;2020-03-24 01:00:00
"Ktn";135;2020-03-24 01:00:00
"NÖ";609;2020-03-24 01:00:00
"OÖ";764;2020-03-24 01:00:00
"Sbg";404;2020-03-24 01:00:00
"Stmk";503;2020-03-24 01:00:00
"T";1065;2020-03-24 01:00:00
"Vbg";352;2020-03-24 01:00:00
"W";557;2020-03-24 01:00:00
"Bgld";85;2020-03-24 01:15:00
"Ktn";135;2020-03-24 01:15:00
"NÖ";609;2020-03-24 01:15:00
"OÖ";764;2020-03-24 01:15:00
"Sbg";404;2020-03-24 01:15:00
"Stmk";503;2020-03-24 01:15:00
"T";1065;2020-03-24 01:15:00
"Vbg";352;2020-03-24 01:15:00
"W";557;2020-03-24 01:15:00
"Bgld";85;2020-03-24 01:30:00
"Ktn";135;2020-03-24 01:30:00
"NÖ";609;2020-03-24 01:30:00
"OÖ";764;2020-03-24 01:30:00
"Sbg";404;2020-03-24 01:30:00
"Stmk";503;2020-03-24 01:30:00
"T";1065;2020-03-24 01:30:00
"Vbg";352;2020-03-24 01:30:00
"W";557;2020-03-24 01:30:00
"Bgld";85;2020-03-24 01:45:00
"Ktn";135;2020-03-24 01:45:00
"NÖ";609;2020-03-24 01:45:00
"OÖ";764;2020-03-24 01:45:00
"Sbg";404;2020-03-24 01:45:00
"Stmk";503;2020-03-24 01:45:00
"T";1065;2020-03-24 01:45:00
"Vbg";352;2020-03-24 01:45:00
"W";557;2020-03-24 01:45:00
"Bgld";85;2020-03-24 02:00:00
"Ktn";135;2020-03-24 02:00:00
"NÖ";609;2020-03-24 02:00:00
"OÖ";764;2020-03-24 02:00:00
"Sbg";404;2020-03-24 02:00:00
"Stmk";503;2020-03-24 02:00:00
"T";1065;2020-03-24 02:00:00
"Vbg";352;2020-03-24 02:00:00
"W";557;2020-03-24 02:00:00
"Bgld";85;2020-03-24 02:15:00
"Ktn";135;2020-03-24 02:15:00
"NÖ";609;2020-03-24 02:15:00
"OÖ";764;2020-03-24 02:15:00
"Sbg";404;2020-03-24 02:15:00
"Stmk";503;2020-03-24 02:15:00
"T";1065;2020-03-24 02:15:00
"Vbg";352;2020-03-24 02:15:00
"W";557;2020-03-24 02:15:00
"Bgld";85;2020-03-24 02:30:00
"Ktn";135;2020-03-24 02:30:00
"NÖ";609;2020-03-24 02:30:00
"OÖ";764;2020-03-24 02:30:00
"Sbg";404;2020-03-24 02:30:00
"Stmk";503;2020-03-24 02:30:00
"T";1065;2020-03-24 02:30:00
"Vbg";352;2020-03-24 02:30:00
"W";557;2020-03-24 02:30:00
"Bgld";85;2020-03-24 02:45:00
"Ktn";135;2020-03-24 02:45:00
"NÖ";609;2020-03-24 02:45:00
"OÖ";764;2020-03-24 02:45:00
"Sbg";404;2020-03-24 02:45:00
"Stmk";503;2020-03-24 02:45:00
"T";1065;2020-03-24 02:45:00
"Vbg";352;2020-03-24 02:45:00
"W";557;2020-03-24 02:45:00
"Bgld";85;2020-03-24 03:00:00
"Ktn";135;2020-03-24 03:00:00
"NÖ";609;2020-03-24 03:00:00
"OÖ";764;2020-03-24 03:00:00
"Sbg";404;2020-03-24 03:00:00
"Stmk";503;2020-03-24 03:00:00
"T";1065;2020-03-24 03:00:00
"Vbg";352;2020-03-24 03:00:00
"W";557;2020-03-24 03:00:00
"Bgld";85;2020-03-24 03:15:00
"Ktn";135;2020-03-24 03:15:00
"NÖ";609;2020-03-24 03:15:00
"OÖ";764;2020-03-24 03:15:00
"Sbg";404;2020-03-24 03:15:00
"Stmk";503;2020-03-24 03:15:00
"T";1065;2020-03-24 03:15:00
"Vbg";352;2020-03-24 03:15:00
"W";557;2020-03-24 03:15:00
"Bgld";85;2020-03-24 03:30:00
"Ktn";135;2020-03-24 03:30:00
"NÖ";609;2020-03-24 03:30:00
"OÖ";764;2020-03-24 03:30:00
"Sbg";404;2020-03-24 03:30:00
"Stmk";503;2020-03-24 03:30:00
"T";1065;2020-03-24 03:30:00
"Vbg";352;2020-03-24 03:30:00
"W";557;2020-03-24 03:30:00
"Bgld";85;2020-03-24 03:45:00
"Ktn";135;2020-03-24 03:45:00
"NÖ";609;2020-03-24 03:45:00
"OÖ";764;2020-03-24 03:45:00
"Sbg";404;2020-03-24 03:45:00
"Stmk";503;2020-03-24 03:45:00
"T";1065;2020-03-24 03:45:00
"Vbg";352;2020-03-24 03:45:00
"W";557;2020-03-24 03:45:00
"Bgld";85;2020-03-24 04:00:00
"Ktn";135;2020-03-24 04:00:00
"NÖ";609;2020-03-24 04:00:00
"OÖ";764;2020-03-24 04:00:00
"Sbg";404;2020-03-24 04:00:00
"Stmk";503;2020-03-24 04:00:00
"T";1065;2020-03-24 04:00:00
"Vbg";352;2020-03-24 04:00:00
"W";557;2020-03-24 04:00:00
"Bgld";85;2020-03-24 04:15:00
"Ktn";135;2020-03-24 04:15:00
"NÖ";609;2020-03-24 04:15:00
"OÖ";764;2020-03-24 04:15:00
"Sbg";404;2020-03-24 04:15:00
"Stmk";503;2020-03-24 04:15:00
"T";1065;2020-03-24 04:15:00
"Vbg";352;2020-03-24 04:15:00
"W";557;2020-03-24 04:15:00
"Bgld";85;2020-03-24 04:30:00
"Ktn";135;2020-03-24 04:30:00
"NÖ";609;2020-03-24 04:30:00
"OÖ";764;2020-03-24 04:30:00
"Sbg";404;2020-03-24 04:30:00
"Stmk";503;2020-03-24 04:30:00
"T";1065;2020-03-24 04:30:00
"Vbg";352;2020-03-24 04:30:00
"W";557;2020-03-24 04:30:00
"Bgld";85;2020-03-24 04:45:00
"Ktn";135;2020-03-24 04:45:00
"NÖ";609;2020-03-24 04:45:00
"OÖ";764;2020-03-24 04:45:00
"Sbg";404;2020-03-24 04:45:00
"Stmk";503;2020-03-24 04:45:00
"T";1065;2020-03-24 04:45:00
"Vbg";352;2020-03-24 04:45:00
"W";557;2020-03-24 04:45:00
"Bgld";85;2020-03-24 05:00:00
"Ktn";135;2020-03-24 05:00:00
"NÖ";609;2020-03-24 05:00:00
"OÖ";764;2020-03-24 05:00:00
"Sbg";404;2020-03-24 05:00:00
"Stmk";503;2020-03-24 05:00:00
"T";1065;2020-03-24 05:00:00
"Vbg";352;2020-03-24 05:00:00
"W";557;2020-03-24 05:00:00
"Bgld";85;2020-03-24 05:15:00
"Ktn";135;2020-03-24 05:15:00
"NÖ";609;2020-03-24 05:15:00
"OÖ";764;2020-03-24 05:15:00
"Sbg";404;2020-03-24 05:15:00
"Stmk";503;2020-03-24 05:15:00
"T";1065;2020-03-24 05:15:00
"Vbg";352;2020-03-24 05:15:00
"W";557;2020-03-24 05:15:00
"Bgld";85;2020-03-24 05:30:00
"Ktn";135;2020-03-24 05:30:00
"NÖ";609;2020-03-24 05:30:00
"OÖ";764;2020-03-24 05:30:00
"Sbg";404;2020-03-24 05:30:00
"Stmk";503;2020-03-24 05:30:00
"T";1065;2020-03-24 05:30:00
"Vbg";352;2020-03-24 05:30:00
"W";557;2020-03-24 05:30:00
"Bgld";85;2020-03-24 05:45:00
"Ktn";135;2020-03-24 05:45:00
"NÖ";609;2020-03-24 05:45:00
"OÖ";764;2020-03-24 05:45:00
"Sbg";404;2020-03-24 05:45:00
"Stmk";503;2020-03-24 05:45:00
"T";1065;2020-03-24 05:45:00
"Vbg";352;2020-03-24 05:45:00
"W";557;2020-03-24 05:45:00
"Bgld";85;2020-03-24 06:00:00
"Ktn";135;2020-03-24 06:00:00
"NÖ";609;2020-03-24 06:00:00
"OÖ";764;2020-03-24 06:00:00
"Sbg";404;2020-03-24 06:00:00
"Stmk";503;2020-03-24 06:00:00
"T";1065;2020-03-24 06:00:00
"Vbg";352;2020-03-24 06:00:00
"W";557;2020-03-24 06:00:00
"Bgld";85;2020-03-24 06:15:00
"Ktn";135;2020-03-24 06:15:00
"NÖ";609;2020-03-24 06:15:00
"OÖ";764;2020-03-24 06:15:00
"Sbg";404;2020-03-24 06:15:00
"Stmk";503;2020-03-24 06:15:00
"T";1065;2020-03-24 06:15:00
"Vbg";352;2020-03-24 06:15:00
"W";557;2020-03-24 06:15:00
"Bgld";85;2020-03-24 06:30:00
"Ktn";135;2020-03-24 06:30:00
"NÖ";609;2020-03-24 06:30:00
"OÖ";764;2020-03-24 06:30:00
"Sbg";404;2020-03-24 06:30:00
"Stmk";503;2020-03-24 06:30:00
"T";1065;2020-03-24 06:30:00
"Vbg";352;2020-03-24 06:30:00
"W";557;2020-03-24 06:30:00
"Bgld";85;2020-03-24 06:45:00
"Ktn";135;2020-03-24 06:45:00
"NÖ";609;2020-03-24 06:45:00
"OÖ";764;2020-03-24 06:45:00
"Sbg";404;2020-03-24 06:45:00
"Stmk";503;2020-03-24 06:45:00
"T";1066;2020-03-24 06:45:00
"Vbg";352;2020-03-24 06:45:00
"W";558;2020-03-24 06:45:00
"Bgld";85;2020-03-24 07:00:00
"Ktn";135;2020-03-24 07:00:00
"NÖ";609;2020-03-24 07:00:00
"OÖ";764;2020-03-24 07:00:00
"Sbg";404;2020-03-24 07:00:00
"Stmk";503;2020-03-24 07:00:00
"T";1067;2020-03-24 07:00:00
"Vbg";352;2020-03-24 07:00:00
"W";558;2020-03-24 07:00:00
"Bgld";85;2020-03-24 07:15:00
"Ktn";135;2020-03-24 07:15:00
"NÖ";609;2020-03-24 07:15:00
"OÖ";764;2020-03-24 07:15:00
"Sbg";404;2020-03-24 07:15:00
"Stmk";503;2020-03-24 07:15:00
"T";1067;2020-03-24 07:15:00
"Vbg";352;2020-03-24 07:15:00
"W";558;2020-03-24 07:15:00
"Bgld";85;2020-03-24 07:30:00
"Ktn";135;2020-03-24 07:30:00
"NÖ";609;2020-03-24 07:30:00
"OÖ";764;2020-03-24 07:30:00
"Sbg";404;2020-03-24 07:30:00
"Stmk";503;2020-03-24 07:30:00
"T";1067;2020-03-24 07:30:00
"Vbg";352;2020-03-24 07:30:00
"W";558;2020-03-24 07:30:00
"Bgld";85;2020-03-24 07:45:00
"Ktn";135;2020-03-24 07:45:00
"NÖ";609;2020-03-24 07:45:00
"OÖ";764;2020-03-24 07:45:00
"Sbg";404;2020-03-24 07:45:00
"Stmk";504;2020-03-24 07:45:00
"T";1067;2020-03-24 07:45:00
"Vbg";352;2020-03-24 07:45:00
"W";559;2020-03-24 07:45:00
"Bgld";85;2020-03-24 08:00:00
"Ktn";135;2020-03-24 08:00:00
"NÖ";610;2020-03-24 08:00:00
"OÖ";764;2020-03-24 08:00:00
"Sbg";405;2020-03-24 08:00:00
"Stmk";504;2020-03-24 08:00:00
"T";1067;2020-03-24 08:00:00
"Vbg";354;2020-03-24 08:00:00
"W";562;2020-03-24 08:00:00
"Bgld";85;2020-03-24 08:15:00
"Ktn";137;2020-03-24 08:15:00
"NÖ";610;2020-03-24 08:15:00
"OÖ";764;2020-03-24 08:15:00
"Sbg";405;2020-03-24 08:15:00
"Stmk";504;2020-03-24 08:15:00
"T";1072;2020-03-24 08:15:00
"Vbg";354;2020-03-24 08:15:00
"W";562;2020-03-24 08:15:00
"Bgld";85;2020-03-24 08:30:00
"Ktn";137;2020-03-24 08:30:00
"NÖ";614;2020-03-24 08:30:00
"OÖ";772;2020-03-24 08:30:00
"Sbg";405;2020-03-24 08:30:00
"Stmk";508;2020-03-24 08:30:00
"T";1080;2020-03-24 08:30:00
"Vbg";354;2020-03-24 08:30:00
"W";562;2020-03-24 08:30:00
"Bgld";85;2020-03-24 08:45:00
"Ktn";137;2020-03-24 08:45:00
"NÖ";614;2020-03-24 08:45:00
"OÖ";772;2020-03-24 08:45:00
"Sbg";405;2020-03-24 08:45:00
"Stmk";508;2020-03-24 08:45:00
"T";1080;2020-03-24 08:45:00
"Vbg";354;2020-03-24 08:45:00
"W";562;2020-03-24 08:45:00
"Bgld";85;2020-03-24 09:00:00
"Ktn";137;2020-03-24 09:00:00
"NÖ";614;2020-03-24 09:00:00
"OÖ";772;2020-03-24 09:00:00
"Sbg";405;2020-03-24 09:00:00
"Stmk";508;2020-03-24 09:00:00
"T";1083;2020-03-24 09:00:00
"Vbg";354;2020-03-24 09:00:00
"W";562;2020-03-24 09:00:00
"Bgld";85;2020-03-24 09:15:00
"Ktn";137;2020-03-24 09:15:00
"NÖ";614;2020-03-24 09:15:00
"OÖ";772;2020-03-24 09:15:00
"Sbg";405;2020-03-24 09:15:00
"Stmk";512;2020-03-24 09:15:00
"T";1093;2020-03-24 09:15:00
"Vbg";354;2020-03-24 09:15:00
"W";566;2020-03-24 09:15:00
"Bgld";85;2020-03-24 09:30:00
"Ktn";137;2020-03-24 09:30:00
"NÖ";614;2020-03-24 09:30:00
"OÖ";775;2020-03-24 09:30:00
"Sbg";405;2020-03-24 09:30:00
"Stmk";512;2020-03-24 09:30:00
"T";1105;2020-03-24 09:30:00
"Vbg";354;2020-03-24 09:30:00
"W";571;2020-03-24 09:30:00
"Bgld";84;2020-03-24 09:45:00
"Ktn";137;2020-03-24 09:45:00
"NÖ";618;2020-03-24 09:45:00
"OÖ";768;2020-03-24 09:45:00
"Sbg";405;2020-03-24 09:45:00
"Stmk";512;2020-03-24 09:45:00
"T";1117;2020-03-24 09:45:00
"Vbg";354;2020-03-24 09:45:00
"W";583;2020-03-24 09:45:00
"Bgld";84;2020-03-24 10:00:00
"Ktn";137;2020-03-24 10:00:00
"NÖ";621;2020-03-24 10:00:00
"OÖ";768;2020-03-24 10:00:00
"Sbg";405;2020-03-24 10:00:00
"Stmk";512;2020-03-24 10:00:00
"T";1144;2020-03-24 10:00:00
"Vbg";354;2020-03-24 10:00:00
"W";603;2020-03-24 10:00:00
"Bgld";84;2020-03-24 10:15:00
"Ktn";137;2020-03-24 10:15:00
"NÖ";624;2020-03-24 10:15:00
"OÖ";768;2020-03-24 10:15:00
"Sbg";427;2020-03-24 10:15:00
"Stmk";512;2020-03-24 10:15:00
"T";1151;2020-03-24 10:15:00
"Vbg";358;2020-03-24 10:15:00
"W";607;2020-03-24 10:15:00
"Bgld";84;2020-03-24 10:30:00
"Ktn";137;2020-03-24 10:30:00
"NÖ";624;2020-03-24 10:30:00
"OÖ";768;2020-03-24 10:30:00
"Sbg";427;2020-03-24 10:30:00
"Stmk";512;2020-03-24 10:30:00
"T";1152;2020-03-24 10:30:00
"Vbg";358;2020-03-24 10:30:00
"W";607;2020-03-24 10:30:00
"Bgld";84;2020-03-24 10:45:00
"Ktn";138;2020-03-24 10:45:00
"NÖ";624;2020-03-24 10:45:00
"OÖ";768;2020-03-24 10:45:00
"Sbg";427;2020-03-24 10:45:00
"Stmk";513;2020-03-24 10:45:00
"T";1152;2020-03-24 10:45:00
"Vbg";360;2020-03-24 10:45:00
"W";606;2020-03-24 10:45:00
"Bgld";84;2020-03-24 11:00:00
"Ktn";138;2020-03-24 11:00:00
"NÖ";624;2020-03-24 11:00:00
"OÖ";769;2020-03-24 11:00:00
"Sbg";427;2020-03-24 11:00:00
"Stmk";513;2020-03-24 11:00:00
"T";1221;2020-03-24 11:00:00
"Vbg";360;2020-03-24 11:00:00
"W";606;2020-03-24 11:00:00
"Bgld";84;2020-03-24 11:15:00
"Ktn";138;2020-03-24 11:15:00
"NÖ";624;2020-03-24 11:15:00
"OÖ";769;2020-03-24 11:15:00
"Sbg";427;2020-03-24 11:15:00
"Stmk";513;2020-03-24 11:15:00
"T";1234;2020-03-24 11:15:00
"Vbg";360;2020-03-24 11:15:00
"W";606;2020-03-24 11:15:00
"Bgld";84;2020-03-24 11:30:00
"Ktn";138;2020-03-24 11:30:00
"NÖ";624;2020-03-24 11:30:00
"OÖ";769;2020-03-24 11:30:00
"Sbg";427;2020-03-24 11:30:00
"Stmk";513;2020-03-24 11:30:00
"T";1239;2020-03-24 11:30:00
"Vbg";367;2020-03-24 11:30:00
"W";606;2020-03-24 11:30:00
"Bgld";84;2020-03-24 11:45:00
"Ktn";138;2020-03-24 11:45:00
"NÖ";624;2020-03-24 11:45:00
"OÖ";769;2020-03-24 11:45:00
"Sbg";427;2020-03-24 11:45:00
"Stmk";513;2020-03-24 11:45:00
"T";1240;2020-03-24 11:45:00
"Vbg";367;2020-03-24 11:45:00
"W";607;2020-03-24 11:45:00
"Bgld";84;2020-03-24 12:00:00
"Ktn";138;2020-03-24 12:00:00
"NÖ";624;2020-03-24 12:00:00
"OÖ";776;2020-03-24 12:00:00
"Sbg";427;2020-03-24 12:00:00
"Stmk";513;2020-03-24 12:00:00
"T";1245;2020-03-24 12:00:00
"Vbg";367;2020-03-24 12:00:00
"W";608;2020-03-24 12:00:00
"Bgld";84;2020-03-24 12:15:00
"Ktn";138;2020-03-24 12:15:00
"NÖ";624;2020-03-24 12:15:00
"OÖ";776;2020-03-24 12:15:00
"Sbg";427;2020-03-24 12:15:00
"Stmk";517;2020-03-24 12:15:00
"T";1249;2020-03-24 12:15:00
"Vbg";367;2020-03-24 12:15:00
"W";609;2020-03-24 12:15:00
"Bgld";84;2020-03-24 12:30:00
"Ktn";138;2020-03-24 12:30:00
"NÖ";624;2020-03-24 12:30:00
"OÖ";776;2020-03-24 12:30:00
"Sbg";427;2020-03-24 12:30:00
"Stmk";517;2020-03-24 12:30:00
"T";1249;2020-03-24 12:30:00
"Vbg";367;2020-03-24 12:30:00
"W";609;2020-03-24 12:30:00
"Bgld";84;2020-03-24 12:45:00
"Ktn";138;2020-03-24 12:45:00
"NÖ";624;2020-03-24 12:45:00
"OÖ";776;2020-03-24 12:45:00
"Sbg";427;2020-03-24 12:45:00
"Stmk";522;2020-03-24 12:45:00
"T";1248;2020-03-24 12:45:00
"Vbg";367;2020-03-24 12:45:00
"W";610;2020-03-24 12:45:00
"Bgld";84;2020-03-24 13:00:00
"Ktn";139;2020-03-24 13:00:00
"NÖ";624;2020-03-24 13:00:00
"OÖ";778;2020-03-24 13:00:00
"Sbg";427;2020-03-24 13:00:00
"Stmk";532;2020-03-24 13:00:00
"T";1248;2020-03-24 13:00:00
"Vbg";367;2020-03-24 13:00:00
"W";610;2020-03-24 13:00:00
"Bgld";84;2020-03-24 13:15:00
"Ktn";139;2020-03-24 13:15:00
"NÖ";624;2020-03-24 13:15:00
"OÖ";784;2020-03-24 13:15:00
"Sbg";427;2020-03-24 13:15:00
"Stmk";545;2020-03-24 13:15:00
"T";1249;2020-03-24 13:15:00
"Vbg";367;2020-03-24 13:15:00
"W";610;2020-03-24 13:15:00
"Bgld";84;2020-03-24 13:30:00
"Ktn";139;2020-03-24 13:30:00
"NÖ";624;2020-03-24 13:30:00
"OÖ";784;2020-03-24 13:30:00
"Sbg";427;2020-03-24 13:30:00
"Stmk";545;2020-03-24 13:30:00
"T";1249;2020-03-24 13:30:00
"Vbg";369;2020-03-24 13:30:00
"W";612;2020-03-24 13:30:00
"Bgld";84;2020-03-24 13:45:00
"Ktn";139;2020-03-24 13:45:00
"NÖ";624;2020-03-24 13:45:00
"OÖ";784;2020-03-24 13:45:00
"Sbg";429;2020-03-24 13:45:00
"Stmk";545;2020-03-24 13:45:00
"T";1249;2020-03-24 13:45:00
"Vbg";369;2020-03-24 13:45:00
"W";616;2020-03-24 13:45:00
"Bgld";84;2020-03-24 14:00:00
"Ktn";140;2020-03-24 14:00:00
"NÖ";624;2020-03-24 14:00:00
"OÖ";789;2020-03-24 14:00:00
"Sbg";429;2020-03-24 14:00:00
"Stmk";545;2020-03-24 14:00:00
"T";1250;2020-03-24 14:00:00
"Vbg";369;2020-03-24 14:00:00
"W";616;2020-03-24 14:00:00
"Bgld";84;2020-03-24 14:15:00
"Ktn";140;2020-03-24 14:15:00
"NÖ";622;2020-03-24 14:15:00
"OÖ";790;2020-03-24 14:15:00
"Sbg";429;2020-03-24 14:15:00
"Stmk";549;2020-03-24 14:15:00
"T";1254;2020-03-24 14:15:00
"Vbg";369;2020-03-24 14:15:00
"W";616;2020-03-24 14:15:00
"Bgld";84;2020-03-24 14:30:00
"Ktn";141;2020-03-24 14:30:00
"NÖ";620;2020-03-24 14:30:00
"OÖ";795;2020-03-24 14:30:00
"Sbg";429;2020-03-24 14:30:00
"Stmk";558;2020-03-24 14:30:00
"T";1253;2020-03-24 14:30:00
"Vbg";379;2020-03-24 14:30:00
"W";617;2020-03-24 14:30:00
"Bgld";84;2020-03-24 14:45:00
"Ktn";141;2020-03-24 14:45:00
"NÖ";620;2020-03-24 14:45:00
"OÖ";797;2020-03-24 14:45:00
"Sbg";429;2020-03-24 14:45:00
"Stmk";569;2020-03-24 14:45:00
"T";1254;2020-03-24 14:45:00
"Vbg";379;2020-03-24 14:45:00
"W";637;2020-03-24 14:45:00
"Bgld";84;2020-03-24 15:00:00
"Ktn";141;2020-03-24 15:00:00
"NÖ";621;2020-03-24 15:00:00
"OÖ";800;2020-03-24 15:00:00
"Sbg";429;2020-03-24 15:00:00
"Stmk";569;2020-03-24 15:00:00
"T";1254;2020-03-24 15:00:00
"Vbg";379;2020-03-24 15:00:00
"W";649;2020-03-24 15:00:00
"Bgld";84;2020-03-24 15:15:00
"Ktn";144;2020-03-24 15:15:00
"NÖ";625;2020-03-24 15:15:00
"OÖ";801;2020-03-24 15:15:00
"Sbg";429;2020-03-24 15:15:00
"Stmk";569;2020-03-24 15:15:00
"T";1258;2020-03-24 15:15:00
"Vbg";379;2020-03-24 15:15:00
"W";658;2020-03-24 15:15:00
"Bgld";84;2020-03-24 15:30:00
"Ktn";144;2020-03-24 15:30:00
"NÖ";629;2020-03-24 15:30:00
"OÖ";801;2020-03-24 15:30:00
"Sbg";429;2020-03-24 15:30:00
"Stmk";569;2020-03-24 15:30:00
"T";1267;2020-03-24 15:30:00
"Vbg";379;2020-03-24 15:30:00
"W";658;2020-03-24 15:30:00
"Bgld";84;2020-03-24 15:45:00
"Ktn";144;2020-03-24 15:45:00
"NÖ";630;2020-03-24 15:45:00
"OÖ";803;2020-03-24 15:45:00
"Sbg";429;2020-03-24 15:45:00
"Stmk";569;2020-03-24 15:45:00
"T";1275;2020-03-24 15:45:00
"Vbg";379;2020-03-24 15:45:00
"W";658;2020-03-24 15:45:00
"Bgld";85;2020-03-24 16:00:00
"Ktn";144;2020-03-24 16:00:00
"NÖ";631;2020-03-24 16:00:00
"OÖ";807;2020-03-24 16:00:00
"Sbg";429;2020-03-24 16:00:00
"Stmk";575;2020-03-24 16:00:00
"T";1278;2020-03-24 16:00:00
"Vbg";379;2020-03-24 16:00:00
"W";664;2020-03-24 16:00:00
"Bgld";85;2020-03-24 16:15:00
"Ktn";144;2020-03-24 16:15:00
"NÖ";632;2020-03-24 16:15:00
"OÖ";810;2020-03-24 16:15:00
"Sbg";433;2020-03-24 16:15:00
"Stmk";576;2020-03-24 16:15:00
"T";1278;2020-03-24 16:15:00
"Vbg";383;2020-03-24 16:15:00
"W";669;2020-03-24 16:15:00
"Bgld";86;2020-03-24 16:30:00
"Ktn";144;2020-03-24 16:30:00
"NÖ";633;2020-03-24 16:30:00
"OÖ";810;2020-03-24 16:30:00
"Sbg";433;2020-03-24 16:30:00
"Stmk";582;2020-03-24 16:30:00
"T";1282;2020-03-24 16:30:00
"Vbg";383;2020-03-24 16:30:00
"W";675;2020-03-24 16:30:00
"Bgld";86;2020-03-24 16:45:00
"Ktn";144;2020-03-24 16:45:00
"NÖ";633;2020-03-24 16:45:00
"OÖ";813;2020-03-24 16:45:00
"Sbg";433;2020-03-24 16:45:00
"Stmk";583;2020-03-24 16:45:00
"T";1284;2020-03-24 16:45:00
"Vbg";383;2020-03-24 16:45:00
"W";675;2020-03-24 16:45:00
"Bgld";86;2020-03-24 17:00:00
"Ktn";144;2020-03-24 17:00:00
"NÖ";633;2020-03-24 17:00:00
"OÖ";813;2020-03-24 17:00:00
"Sbg";434;2020-03-24 17:00:00
"Stmk";583;2020-03-24 17:00:00
"T";1285;2020-03-24 17:00:00
"Vbg";383;2020-03-24 17:00:00
"W";676;2020-03-24 17:00:00
"Bgld";86;2020-03-24 17:15:00
"Ktn";144;2020-03-24 17:15:00
"NÖ";633;2020-03-24 17:15:00
"OÖ";813;2020-03-24 17:15:00
"Sbg";434;2020-03-24 17:15:00
"Stmk";583;2020-03-24 17:15:00
"T";1286;2020-03-24 17:15:00
"Vbg";383;2020-03-24 17:15:00
"W";676;2020-03-24 17:15:00
"Bgld";86;2020-03-24 17:30:00
"Ktn";144;2020-03-24 17:30:00
"NÖ";633;2020-03-24 17:30:00
"OÖ";816;2020-03-24 17:30:00
"Sbg";434;2020-03-24 17:30:00
"Stmk";583;2020-03-24 17:30:00
"T";1293;2020-03-24 17:30:00
"Vbg";383;2020-03-24 17:30:00
"W";676;2020-03-24 17:30:00
"Bgld";86;2020-03-24 17:45:00
"Ktn";144;2020-03-24 17:45:00
"NÖ";633;2020-03-24 17:45:00
"OÖ";816;2020-03-24 17:45:00
"Sbg";435;2020-03-24 17:45:00
"Stmk";583;2020-03-24 17:45:00
"T";1302;2020-03-24 17:45:00
"Vbg";383;2020-03-24 17:45:00
"W";676;2020-03-24 17:45:00
"Bgld";86;2020-03-24 18:00:00
"Ktn";144;2020-03-24 18:00:00
"NÖ";633;2020-03-24 18:00:00
"OÖ";821;2020-03-24 18:00:00
"Sbg";435;2020-03-24 18:00:00
"Stmk";583;2020-03-24 18:00:00
"T";1310;2020-03-24 18:00:00
"Vbg";388;2020-03-24 18:00:00
"W";676;2020-03-24 18:00:00
"Bgld";86;2020-03-24 18:15:00
"Ktn";144;2020-03-24 18:15:00
"NÖ";633;2020-03-24 18:15:00
"OÖ";824;2020-03-24 18:15:00
"Sbg";435;2020-03-24 18:15:00
"Stmk";583;2020-03-24 18:15:00
"T";1316;2020-03-24 18:15:00
"Vbg";388;2020-03-24 18:15:00
"W";676;2020-03-24 18:15:00
"Bgld";86;2020-03-24 18:30:00
"Ktn";144;2020-03-24 18:30:00
"NÖ";633;2020-03-24 18:30:00
"OÖ";830;2020-03-24 18:30:00
"Sbg";453;2020-03-24 18:30:00
"Stmk";583;2020-03-24 18:30:00
"T";1322;2020-03-24 18:30:00
"Vbg";388;2020-03-24 18:30:00
"W";676;2020-03-24 18:30:00
"Bgld";86;2020-03-24 18:45:00
"Ktn";144;2020-03-24 18:45:00
"NÖ";633;2020-03-24 18:45:00
"OÖ";831;2020-03-24 18:45:00
"Sbg";453;2020-03-24 18:45:00
"Stmk";583;2020-03-24 18:45:00
"T";1324;2020-03-24 18:45:00
"Vbg";388;2020-03-24 18:45:00
"W";676;2020-03-24 18:45:00
"Bgld";86;2020-03-24 19:00:00
"Ktn";144;2020-03-24 19:00:00
"NÖ";633;2020-03-24 19:00:00
"OÖ";831;2020-03-24 19:00:00
"Sbg";454;2020-03-24 19:00:00
"Stmk";583;2020-03-24 19:00:00
"T";1327;2020-03-24 19:00:00
"Vbg";388;2020-03-24 19:00:00
"W";676;2020-03-24 19:00:00
"Bgld";86;2020-03-24 19:15:00
"Ktn";144;2020-03-24 19:15:00
"NÖ";640;2020-03-24 19:15:00
"OÖ";832;2020-03-24 19:15:00
"Sbg";454;2020-03-24 19:15:00
"Stmk";583;2020-03-24 19:15:00
"T";1329;2020-03-24 19:15:00
"Vbg";392;2020-03-24 19:15:00
"W";677;2020-03-24 19:15:00
"Bgld";86;2020-03-24 19:30:00
"Ktn";144;2020-03-24 19:30:00
"NÖ";644;2020-03-24 19:30:00
"OÖ";843;2020-03-24 19:30:00
"Sbg";454;2020-03-24 19:30:00
"Stmk";583;2020-03-24 19:30:00
"T";1330;2020-03-24 19:30:00
"Vbg";392;2020-03-24 19:30:00
"W";677;2020-03-24 19:30:00
"Bgld";86;2020-03-24 19:45:00
"Ktn";144;2020-03-24 19:45:00
"NÖ";650;2020-03-24 19:45:00
"OÖ";847;2020-03-24 19:45:00
"Sbg";454;2020-03-24 19:45:00
"Stmk";583;2020-03-24 19:45:00
"T";1330;2020-03-24 19:45:00
"Vbg";392;2020-03-24 19:45:00
"W";677;2020-03-24 19:45:00
"Bgld";87;2020-03-24 20:00:00
"Ktn";144;2020-03-24 20:00:00
"NÖ";662;2020-03-24 20:00:00
"OÖ";847;2020-03-24 20:00:00
"Sbg";456;2020-03-24 20:00:00
"Stmk";584;2020-03-24 20:00:00
"T";1333;2020-03-24 20:00:00
"Vbg";392;2020-03-24 20:00:00
"W";677;2020-03-24 20:00:00
"Bgld";87;2020-03-24 20:15:00
"Ktn";144;2020-03-24 20:15:00
"NÖ";670;2020-03-24 20:15:00
"OÖ";851;2020-03-24 20:15:00
"Sbg";456;2020-03-24 20:15:00
"Stmk";584;2020-03-24 20:15:00
"T";1333;2020-03-24 20:15:00
"Vbg";392;2020-03-24 20:15:00
"W";677;2020-03-24 20:15:00
"Bgld";87;2020-03-24 20:30:00
"Ktn";144;2020-03-24 20:30:00
"NÖ";679;2020-03-24 20:30:00
"OÖ";853;2020-03-24 20:30:00
"Sbg";478;2020-03-24 20:30:00
"Stmk";584;2020-03-24 20:30:00
"T";1334;2020-03-24 20:30:00
"Vbg";397;2020-03-24 20:30:00
"W";677;2020-03-24 20:30:00
"Bgld";87;2020-03-24 20:45:00
"Ktn";145;2020-03-24 20:45:00
"NÖ";679;2020-03-24 20:45:00
"OÖ";853;2020-03-24 20:45:00
"Sbg";478;2020-03-24 20:45:00
"Stmk";584;2020-03-24 20:45:00
"T";1337;2020-03-24 20:45:00
"Vbg";397;2020-03-24 20:45:00
"W";677;2020-03-24 20:45:00
"Bgld";87;2020-03-24 21:00:00
"Ktn";145;2020-03-24 21:00:00
"NÖ";679;2020-03-24 21:00:00
"OÖ";853;2020-03-24 21:00:00
"Sbg";478;2020-03-24 21:00:00
"Stmk";584;2020-03-24 21:00:00
"T";1338;2020-03-24 21:00:00
"Vbg";397;2020-03-24 21:00:00
"W";677;2020-03-24 21:00:00
"Bgld";87;2020-03-24 21:15:00
"Ktn";145;2020-03-24 21:15:00
"NÖ";679;2020-03-24 21:15:00
"OÖ";853;2020-03-24 21:15:00
"Sbg";478;2020-03-24 21:15:00
"Stmk";584;2020-03-24 21:15:00
"T";1338;2020-03-24 21:15:00
"Vbg";402;2020-03-24 21:15:00
"W";677;2020-03-24 21:15:00
"Bgld";87;2020-03-24 21:30:00
"Ktn";145;2020-03-24 21:30:00
"NÖ";679;2020-03-24 21:30:00
"OÖ";853;2020-03-24 21:30:00
"Sbg";478;2020-03-24 21:30:00
"Stmk";584;2020-03-24 21:30:00
"T";1338;2020-03-24 21:30:00
"Vbg";402;2020-03-24 21:30:00
"W";677;2020-03-24 21:30:00
"Bgld";87;2020-03-24 21:45:00
"Ktn";145;2020-03-24 21:45:00
"NÖ";679;2020-03-24 21:45:00
"OÖ";853;2020-03-24 21:45:00
"Sbg";478;2020-03-24 21:45:00
"Stmk";584;2020-03-24 21:45:00
"T";1338;2020-03-24 21:45:00
"Vbg";402;2020-03-24 21:45:00
"W";677;2020-03-24 21:45:00
"Bgld";87;2020-03-24 22:00:00
"Ktn";145;2020-03-24 22:00:00
"NÖ";679;2020-03-24 22:00:00
"OÖ";853;2020-03-24 22:00:00
"Sbg";478;2020-03-24 22:00:00
"Stmk";584;2020-03-24 22:00:00
"T";1338;2020-03-24 22:00:00
"Vbg";402;2020-03-24 22:00:00
"W";677;2020-03-24 22:00:00
"Bgld";87;2020-03-24 22:15:00
"Ktn";145;2020-03-24 22:15:00
"NÖ";679;2020-03-24 22:15:00
"OÖ";858;2020-03-24 22:15:00
"Sbg";478;2020-03-24 22:15:00
"Stmk";584;2020-03-24 22:15:00
"T";1338;2020-03-24 22:15:00
"Vbg";402;2020-03-24 22:15:00
"W";677;2020-03-24 22:15:00
"Bgld";87;2020-03-24 22:30:00
"Ktn";145;2020-03-24 22:30:00
"NÖ";679;2020-03-24 22:30:00
"OÖ";858;2020-03-24 22:30:00
"Sbg";493;2020-03-24 22:30:00
"Stmk";585;2020-03-24 22:30:00
"T";1338;2020-03-24 22:30:00
"Vbg";402;2020-03-24 22:30:00
"W";677;2020-03-24 22:30:00
"Bgld";87;2020-03-24 22:45:00
"Ktn";145;2020-03-24 22:45:00
"NÖ";679;2020-03-24 22:45:00
"OÖ";858;2020-03-24 22:45:00
"Sbg";493;2020-03-24 22:45:00
"Stmk";585;2020-03-24 22:45:00
"T";1338;2020-03-24 22:45:00
"Vbg";402;2020-03-24 22:45:00
"W";677;2020-03-24 22:45:00
"Bgld";87;2020-03-24 23:00:00
"Ktn";145;2020-03-24 23:00:00
"NÖ";679;2020-03-24 23:00:00
"OÖ";858;2020-03-24 23:00:00
"Sbg";493;2020-03-24 23:00:00
"Stmk";585;2020-03-24 23:00:00
"T";1338;2020-03-24 23:00:00
"Vbg";402;2020-03-24 23:00:00
"W";677;2020-03-24 23:00:00
"Bgld";87;2020-03-24 23:15:00
"Ktn";145;2020-03-24 23:15:00
"NÖ";679;2020-03-24 23:15:00
"OÖ";858;2020-03-24 23:15:00
"Sbg";493;2020-03-24 23:15:00
"Stmk";585;2020-03-24 23:15:00
"T";1338;2020-03-24 23:15:00
"Vbg";402;2020-03-24 23:15:00
"W";677;2020-03-24 23:15:00
"Bgld";87;2020-03-24 23:30:00
"Ktn";145;2020-03-24 23:30:00
"NÖ";679;2020-03-24 23:30:00
"OÖ";858;2020-03-24 23:30:00
"Sbg";493;2020-03-24 23:30:00
"Stmk";585;2020-03-24 23:30:00
"T";1338;2020-03-24 23:30:00
"Vbg";402;2020-03-24 23:30:00
"W";677;2020-03-24 23:30:00
"Bgld";87;2020-03-24 23:45:00
"Ktn";145;2020-03-24 23:45:00
"NÖ";679;2020-03-24 23:45:00
"OÖ";858;2020-03-24 23:45:00
"Sbg";493;2020-03-24 23:45:00
"Stmk";585;2020-03-24 23:45:00
"T";1338;2020-03-24 23:45:00
"Vbg";402;2020-03-24 23:45:00
"W";677;2020-03-24 23:45:00
"Bgld";87;2020-03-25 00:00:00
"Ktn";145;2020-03-25 00:00:00
"NÖ";679;2020-03-25 00:00:00
"OÖ";858;2020-03-25 00:00:00
"Sbg";493;2020-03-25 00:00:00
"Stmk";585;2020-03-25 00:00:00
"T";1338;2020-03-25 00:00:00
"Vbg";402;2020-03-25 00:00:00
"W";677;2020-03-25 00:00:00
"Bgld";87;2020-03-25 00:15:00
"Ktn";145;2020-03-25 00:15:00
"NÖ";679;2020-03-25 00:15:00
"OÖ";858;2020-03-25 00:15:00
"Sbg";493;2020-03-25 00:15:00
"Stmk";585;2020-03-25 00:15:00
"T";1338;2020-03-25 00:15:00
"Vbg";402;2020-03-25 00:15:00
"W";677;2020-03-25 00:15:00
"Bgld";87;2020-03-25 00:30:00
"Ktn";145;2020-03-25 00:30:00
"NÖ";679;2020-03-25 00:30:00
"OÖ";858;2020-03-25 00:30:00
"Sbg";493;2020-03-25 00:30:00
"Stmk";585;2020-03-25 00:30:00
"T";1338;2020-03-25 00:30:00
"Vbg";402;2020-03-25 00:30:00
"W";677;2020-03-25 00:30:00
"Bgld";87;2020-03-25 00:45:00
"Ktn";145;2020-03-25 00:45:00
"NÖ";679;2020-03-25 00:45:00
"OÖ";858;2020-03-25 00:45:00
"Sbg";493;2020-03-25 00:45:00
"Stmk";585;2020-03-25 00:45:00
"T";1338;2020-03-25 00:45:00
"Vbg";402;2020-03-25 00:45:00
"W";677;2020-03-25 00:45:00
"Bgld";87;2020-03-25 01:00:00
"Ktn";145;2020-03-25 01:00:00
"NÖ";679;2020-03-25 01:00:00
"OÖ";858;2020-03-25 01:00:00
"Sbg";493;2020-03-25 01:00:00
"Stmk";585;2020-03-25 01:00:00
"T";1338;2020-03-25 01:00:00
"Vbg";402;2020-03-25 01:00:00
"W";677;2020-03-25 01:00:00
"Bgld";87;2020-03-25 01:15:00
"Ktn";145;2020-03-25 01:15:00
"NÖ";679;2020-03-25 01:15:00
"OÖ";858;2020-03-25 01:15:00
"Sbg";493;2020-03-25 01:15:00
"Stmk";585;2020-03-25 01:15:00
"T";1338;2020-03-25 01:15:00
"Vbg";402;2020-03-25 01:15:00
"W";677;2020-03-25 01:15:00
"Bgld";87;2020-03-25 01:30:00
"Ktn";145;2020-03-25 01:30:00
"NÖ";679;2020-03-25 01:30:00
"OÖ";858;2020-03-25 01:30:00
"Sbg";493;2020-03-25 01:30:00
"Stmk";585;2020-03-25 01:30:00
"T";1338;2020-03-25 01:30:00
"Vbg";402;2020-03-25 01:30:00
"W";677;2020-03-25 01:30:00
"Bgld";87;2020-03-25 01:45:00
"Ktn";145;2020-03-25 01:45:00
"NÖ";679;2020-03-25 01:45:00
"OÖ";858;2020-03-25 01:45:00
"Sbg";493;2020-03-25 01:45:00
"Stmk";585;2020-03-25 01:45:00
"T";1338;2020-03-25 01:45:00
"Vbg";402;2020-03-25 01:45:00
"W";677;2020-03-25 01:45:00
"Bgld";87;2020-03-25 02:00:00
"Ktn";145;2020-03-25 02:00:00
"NÖ";679;2020-03-25 02:00:00
"OÖ";858;2020-03-25 02:00:00
"Sbg";493;2020-03-25 02:00:00
"Stmk";585;2020-03-25 02:00:00
"T";1338;2020-03-25 02:00:00
"Vbg";402;2020-03-25 02:00:00
"W";677;2020-03-25 02:00:00
"Bgld";87;2020-03-25 02:15:00
"Ktn";145;2020-03-25 02:15:00
"NÖ";679;2020-03-25 02:15:00
"OÖ";858;2020-03-25 02:15:00
"Sbg";493;2020-03-25 02:15:00
"Stmk";585;2020-03-25 02:15:00
"T";1338;2020-03-25 02:15:00
"Vbg";402;2020-03-25 02:15:00
"W";677;2020-03-25 02:15:00
"Bgld";87;2020-03-25 02:30:00
"Ktn";145;2020-03-25 02:30:00
"NÖ";679;2020-03-25 02:30:00
"OÖ";858;2020-03-25 02:30:00
"Sbg";493;2020-03-25 02:30:00
"Stmk";585;2020-03-25 02:30:00
"T";1338;2020-03-25 02:30:00
"Vbg";402;2020-03-25 02:30:00
"W";677;2020-03-25 02:30:00
"Bgld";87;2020-03-25 02:45:00
"Ktn";145;2020-03-25 02:45:00
"NÖ";679;2020-03-25 02:45:00
"OÖ";858;2020-03-25 02:45:00
"Sbg";493;2020-03-25 02:45:00
"Stmk";585;2020-03-25 02:45:00
"T";1338;2020-03-25 02:45:00
"Vbg";402;2020-03-25 02:45:00
"W";677;2020-03-25 02:45:00
"Bgld";87;2020-03-25 03:00:00
"Ktn";145;2020-03-25 03:00:00
"NÖ";679;2020-03-25 03:00:00
"OÖ";858;2020-03-25 03:00:00
"Sbg";493;2020-03-25 03:00:00
"Stmk";585;2020-03-25 03:00:00
"T";1338;2020-03-25 03:00:00
"Vbg";402;2020-03-25 03:00:00
"W";677;2020-03-25 03:00:00
"Bgld";87;2020-03-25 03:15:00
"Ktn";145;2020-03-25 03:15:00
"NÖ";679;2020-03-25 03:15:00
"OÖ";858;2020-03-25 03:15:00
"Sbg";493;2020-03-25 03:15:00
"Stmk";585;2020-03-25 03:15:00
"T";1338;2020-03-25 03:15:00
"Vbg";402;2020-03-25 03:15:00
"W";677;2020-03-25 03:15:00
"Bgld";87;2020-03-25 03:30:00
"Ktn";145;2020-03-25 03:30:00
"NÖ";679;2020-03-25 03:30:00
"OÖ";858;2020-03-25 03:30:00
"Sbg";493;2020-03-25 03:30:00
"Stmk";585;2020-03-25 03:30:00
"T";1338;2020-03-25 03:30:00
"Vbg";402;2020-03-25 03:30:00
"W";677;2020-03-25 03:30:00
"Bgld";87;2020-03-25 03:45:00
"Ktn";145;2020-03-25 03:45:00
"NÖ";679;2020-03-25 03:45:00
"OÖ";858;2020-03-25 03:45:00
"Sbg";493;2020-03-25 03:45:00
"Stmk";585;2020-03-25 03:45:00
"T";1338;2020-03-25 03:45:00
"Vbg";402;2020-03-25 03:45:00
"W";677;2020-03-25 03:45:00
"Bgld";87;2020-03-25 04:00:00
"Ktn";145;2020-03-25 04:00:00
"NÖ";679;2020-03-25 04:00:00
"OÖ";858;2020-03-25 04:00:00
"Sbg";493;2020-03-25 04:00:00
"Stmk";585;2020-03-25 04:00:00
"T";1338;2020-03-25 04:00:00
"Vbg";402;2020-03-25 04:00:00
"W";677;2020-03-25 04:00:00
"Bgld";87;2020-03-25 04:15:00
"Ktn";145;2020-03-25 04:15:00
"NÖ";679;2020-03-25 04:15:00
"OÖ";858;2020-03-25 04:15:00
"Sbg";493;2020-03-25 04:15:00
"Stmk";585;2020-03-25 04:15:00
"T";1338;2020-03-25 04:15:00
"Vbg";402;2020-03-25 04:15:00
"W";677;2020-03-25 04:15:00
"Bgld";87;2020-03-25 04:30:00
"Ktn";145;2020-03-25 04:30:00
"NÖ";679;2020-03-25 04:30:00
"OÖ";858;2020-03-25 04:30:00
"Sbg";493;2020-03-25 04:30:00
"Stmk";585;2020-03-25 04:30:00
"T";1338;2020-03-25 04:30:00
"Vbg";402;2020-03-25 04:30:00
"W";677;2020-03-25 04:30:00
"Bgld";87;2020-03-25 04:45:00
"Ktn";145;2020-03-25 04:45:00
"NÖ";679;2020-03-25 04:45:00
"OÖ";858;2020-03-25 04:45:00
"Sbg";493;2020-03-25 04:45:00
"Stmk";585;2020-03-25 04:45:00
"T";1338;2020-03-25 04:45:00
"Vbg";402;2020-03-25 04:45:00
"W";677;2020-03-25 04:45:00
"Bgld";87;2020-03-25 05:00:00
"Ktn";145;2020-03-25 05:00:00
"NÖ";679;2020-03-25 05:00:00
"OÖ";858;2020-03-25 05:00:00
"Sbg";493;2020-03-25 05:00:00
"Stmk";585;2020-03-25 05:00:00
"T";1338;2020-03-25 05:00:00
"Vbg";402;2020-03-25 05:00:00
"W";677;2020-03-25 05:00:00
"Bgld";87;2020-03-25 05:15:00
"Ktn";145;2020-03-25 05:15:00
"NÖ";679;2020-03-25 05:15:00
"OÖ";858;2020-03-25 05:15:00
"Sbg";493;2020-03-25 05:15:00
"Stmk";585;2020-03-25 05:15:00
"T";1338;2020-03-25 05:15:00
"Vbg";402;2020-03-25 05:15:00
"W";677;2020-03-25 05:15:00
"Bgld";87;2020-03-25 05:30:00
"Ktn";145;2020-03-25 05:30:00
"NÖ";679;2020-03-25 05:30:00
"OÖ";858;2020-03-25 05:30:00
"Sbg";493;2020-03-25 05:30:00
"Stmk";585;2020-03-25 05:30:00
"T";1338;2020-03-25 05:30:00
"Vbg";402;2020-03-25 05:30:00
"W";677;2020-03-25 05:30:00
"Bgld";87;2020-03-25 05:45:00
"Ktn";145;2020-03-25 05:45:00
"NÖ";679;2020-03-25 05:45:00
"OÖ";858;2020-03-25 05:45:00
"Sbg";493;2020-03-25 05:45:00
"Stmk";585;2020-03-25 05:45:00
"T";1338;2020-03-25 05:45:00
"Vbg";402;2020-03-25 05:45:00
"W";677;2020-03-25 05:45:00
"Bgld";87;2020-03-25 06:00:00
"Ktn";145;2020-03-25 06:00:00
"NÖ";679;2020-03-25 06:00:00
"OÖ";858;2020-03-25 06:00:00
"Sbg";493;2020-03-25 06:00:00
"Stmk";585;2020-03-25 06:00:00
"T";1338;2020-03-25 06:00:00
"Vbg";402;2020-03-25 06:00:00
"W";677;2020-03-25 06:00:00
"Bgld";87;2020-03-25 06:15:00
"Ktn";145;2020-03-25 06:15:00
"NÖ";679;2020-03-25 06:15:00
"OÖ";858;2020-03-25 06:15:00
"Sbg";493;2020-03-25 06:15:00
"Stmk";585;2020-03-25 06:15:00
"T";1338;2020-03-25 06:15:00
"Vbg";402;2020-03-25 06:15:00
"W";677;2020-03-25 06:15:00
"Bgld";87;2020-03-25 06:30:00
"Ktn";145;2020-03-25 06:30:00
"NÖ";680;2020-03-25 06:30:00
"OÖ";858;2020-03-25 06:30:00
"Sbg";493;2020-03-25 06:30:00
"Stmk";585;2020-03-25 06:30:00
"T";1338;2020-03-25 06:30:00
"Vbg";402;2020-03-25 06:30:00
"W";677;2020-03-25 06:30:00
"Bgld";87;2020-03-25 06:45:00
"Ktn";145;2020-03-25 06:45:00
"NÖ";680;2020-03-25 06:45:00
"OÖ";858;2020-03-25 06:45:00
"Sbg";493;2020-03-25 06:45:00
"Stmk";585;2020-03-25 06:45:00
"T";1338;2020-03-25 06:45:00
"Vbg";402;2020-03-25 06:45:00
"W";677;2020-03-25 06:45:00
"Bgld";87;2020-03-25 07:00:00
"Ktn";145;2020-03-25 07:00:00
"NÖ";680;2020-03-25 07:00:00
"OÖ";858;2020-03-25 07:00:00
"Sbg";493;2020-03-25 07:00:00
"Stmk";585;2020-03-25 07:00:00
"T";1338;2020-03-25 07:00:00
"Vbg";402;2020-03-25 07:00:00
"W";677;2020-03-25 07:00:00
"Bgld";87;2020-03-25 07:15:00
"Ktn";145;2020-03-25 07:15:00
"NÖ";680;2020-03-25 07:15:00
"OÖ";858;2020-03-25 07:15:00
"Sbg";493;2020-03-25 07:15:00
"Stmk";585;2020-03-25 07:15:00
"T";1338;2020-03-25 07:15:00
"Vbg";402;2020-03-25 07:15:00
"W";678;2020-03-25 07:15:00
"Bgld";87;2020-03-25 07:30:00
"Ktn";145;2020-03-25 07:30:00
"NÖ";681;2020-03-25 07:30:00
"OÖ";858;2020-03-25 07:30:00
"Sbg";493;2020-03-25 07:30:00
"Stmk";585;2020-03-25 07:30:00
"T";1338;2020-03-25 07:30:00
"Vbg";402;2020-03-25 07:30:00
"W";680;2020-03-25 07:30:00
"Bgld";88;2020-03-25 07:45:00
"Ktn";145;2020-03-25 07:45:00
"NÖ";683;2020-03-25 07:45:00
"OÖ";860;2020-03-25 07:45:00
"Sbg";493;2020-03-25 07:45:00
"Stmk";585;2020-03-25 07:45:00
"T";1338;2020-03-25 07:45:00
"Vbg";402;2020-03-25 07:45:00
"W";679;2020-03-25 07:45:00
"Bgld";88;2020-03-25 08:00:00
"Ktn";145;2020-03-25 08:00:00
"NÖ";691;2020-03-25 08:00:00
"OÖ";860;2020-03-25 08:00:00
"Sbg";493;2020-03-25 08:00:00
"Stmk";585;2020-03-25 08:00:00
"T";1338;2020-03-25 08:00:00
"Vbg";404;2020-03-25 08:00:00
"W";678;2020-03-25 08:00:00
"Bgld";88;2020-03-25 08:15:00
"Ktn";151;2020-03-25 08:15:00
"NÖ";691;2020-03-25 08:15:00
"OÖ";860;2020-03-25 08:15:00
"Sbg";493;2020-03-25 08:15:00
"Stmk";586;2020-03-25 08:15:00
"T";1338;2020-03-25 08:15:00
"Vbg";404;2020-03-25 08:15:00
"W";677;2020-03-25 08:15:00
"Bgld";88;2020-03-25 08:30:00
"Ktn";155;2020-03-25 08:30:00
"NÖ";699;2020-03-25 08:30:00
"OÖ";860;2020-03-25 08:30:00
"Sbg";493;2020-03-25 08:30:00
"Stmk";597;2020-03-25 08:30:00
"T";1341;2020-03-25 08:30:00
"Vbg";404;2020-03-25 08:30:00
"W";678;2020-03-25 08:30:00
"Bgld";88;2020-03-25 08:45:00
"Ktn";156;2020-03-25 08:45:00
"NÖ";720;2020-03-25 08:45:00
"OÖ";860;2020-03-25 08:45:00
"Sbg";493;2020-03-25 08:45:00
"Stmk";609;2020-03-25 08:45:00
"T";1348;2020-03-25 08:45:00
"Vbg";404;2020-03-25 08:45:00
"W";690;2020-03-25 08:45:00
"Bgld";88;2020-03-25 09:00:00
"Ktn";157;2020-03-25 09:00:00
"NÖ";722;2020-03-25 09:00:00
"OÖ";860;2020-03-25 09:00:00
"Sbg";493;2020-03-25 09:00:00
"Stmk";617;2020-03-25 09:00:00
"T";1361;2020-03-25 09:00:00
"Vbg";404;2020-03-25 09:00:00
"W";692;2020-03-25 09:00:00
"Bgld";89;2020-03-25 09:15:00
"Ktn";157;2020-03-25 09:15:00
"NÖ";725;2020-03-25 09:15:00
"OÖ";872;2020-03-25 09:15:00
"Sbg";493;2020-03-25 09:15:00
"Stmk";617;2020-03-25 09:15:00
"T";1370;2020-03-25 09:15:00
"Vbg";404;2020-03-25 09:15:00
"W";691;2020-03-25 09:15:00
"Bgld";89;2020-03-25 09:30:00
"Ktn";156;2020-03-25 09:30:00
"NÖ";725;2020-03-25 09:30:00
"OÖ";877;2020-03-25 09:30:00
"Sbg";493;2020-03-25 09:30:00
"Stmk";616;2020-03-25 09:30:00
"T";1376;2020-03-25 09:30:00
"Vbg";404;2020-03-25 09:30:00
"W";691;2020-03-25 09:30:00
"Bgld";89;2020-03-25 09:45:00
"Ktn";156;2020-03-25 09:45:00
"NÖ";732;2020-03-25 09:45:00
"OÖ";884;2020-03-25 09:45:00
"Sbg";493;2020-03-25 09:45:00
"Stmk";616;2020-03-25 09:45:00
"T";1382;2020-03-25 09:45:00
"Vbg";404;2020-03-25 09:45:00
"W";692;2020-03-25 09:45:00
"Bgld";89;2020-03-25 10:00:00
"Ktn";157;2020-03-25 10:00:00
"NÖ";738;2020-03-25 10:00:00
"OÖ";884;2020-03-25 10:00:00
"Sbg";493;2020-03-25 10:00:00
"Stmk";616;2020-03-25 10:00:00
"T";1389;2020-03-25 10:00:00
"Vbg";404;2020-03-25 10:00:00
"W";692;2020-03-25 10:00:00
"Bgld";89;2020-03-25 10:15:00
"Ktn";157;2020-03-25 10:15:00
"NÖ";744;2020-03-25 10:15:00
"OÖ";884;2020-03-25 10:15:00
"Sbg";493;2020-03-25 10:15:00
"Stmk";616;2020-03-25 10:15:00
"T";1388;2020-03-25 10:15:00
"Vbg";404;2020-03-25 10:15:00
"W";694;2020-03-25 10:15:00
"Bgld";89;2020-03-25 10:30:00
"Ktn";159;2020-03-25 10:30:00
"NÖ";745;2020-03-25 10:30:00
"OÖ";884;2020-03-25 10:30:00
"Sbg";501;2020-03-25 10:30:00
"Stmk";616;2020-03-25 10:30:00
"T";1388;2020-03-25 10:30:00
"Vbg";404;2020-03-25 10:30:00
"W";694;2020-03-25 10:30:00
"Bgld";89;2020-03-25 10:45:00
"Ktn";160;2020-03-25 10:45:00
"NÖ";745;2020-03-25 10:45:00
"OÖ";884;2020-03-25 10:45:00
"Sbg";501;2020-03-25 10:45:00
"Stmk";616;2020-03-25 10:45:00
"T";1388;2020-03-25 10:45:00
"Vbg";407;2020-03-25 10:45:00
"W";695;2020-03-25 10:45:00
"Bgld";89;2020-03-25 11:00:00
"Ktn";160;2020-03-25 11:00:00
"NÖ";745;2020-03-25 11:00:00
"OÖ";884;2020-03-25 11:00:00
"Sbg";501;2020-03-25 11:00:00
"Stmk";616;2020-03-25 11:00:00
"T";1388;2020-03-25 11:00:00
"Vbg";407;2020-03-25 11:00:00
"W";695;2020-03-25 11:00:00
"Bgld";89;2020-03-25 11:15:00
"Ktn";160;2020-03-25 11:15:00
"NÖ";749;2020-03-25 11:15:00
"OÖ";887;2020-03-25 11:15:00
"Sbg";501;2020-03-25 11:15:00
"Stmk";616;2020-03-25 11:15:00
"T";1389;2020-03-25 11:15:00
"Vbg";407;2020-03-25 11:15:00
"W";696;2020-03-25 11:15:00
"Bgld";88;2020-03-25 11:30:00
"Ktn";160;2020-03-25 11:30:00
"NÖ";750;2020-03-25 11:30:00
"OÖ";887;2020-03-25 11:30:00
"Sbg";501;2020-03-25 11:30:00
"Stmk";616;2020-03-25 11:30:00
"T";1389;2020-03-25 11:30:00
"Vbg";407;2020-03-25 11:30:00
"W";697;2020-03-25 11:30:00
"Bgld";88;2020-03-25 11:45:00
"Ktn";160;2020-03-25 11:45:00
"NÖ";749;2020-03-25 11:45:00
"OÖ";888;2020-03-25 11:45:00
"Sbg";501;2020-03-25 11:45:00
"Stmk";616;2020-03-25 11:45:00
"T";1389;2020-03-25 11:45:00
"Vbg";407;2020-03-25 11:45:00
"W";698;2020-03-25 11:45:00
"Bgld";88;2020-03-25 12:00:00
"Ktn";160;2020-03-25 12:00:00
"NÖ";749;2020-03-25 12:00:00
"OÖ";890;2020-03-25 12:00:00
"Sbg";502;2020-03-25 12:00:00
"Stmk";616;2020-03-25 12:00:00
"T";1389;2020-03-25 12:00:00
"Vbg";407;2020-03-25 12:00:00
"W";698;2020-03-25 12:00:00
"Bgld";88;2020-03-25 12:15:00
"Ktn";160;2020-03-25 12:15:00
"NÖ";749;2020-03-25 12:15:00
"OÖ";891;2020-03-25 12:15:00
"Sbg";502;2020-03-25 12:15:00
"Stmk";616;2020-03-25 12:15:00
"T";1384;2020-03-25 12:15:00
"Vbg";407;2020-03-25 12:15:00
"W";698;2020-03-25 12:15:00
"Bgld";89;2020-03-25 12:30:00
"Ktn";160;2020-03-25 12:30:00
"NÖ";749;2020-03-25 12:30:00
"OÖ";899;2020-03-25 12:30:00
"Sbg";502;2020-03-25 12:30:00
"Stmk";621;2020-03-25 12:30:00
"T";1384;2020-03-25 12:30:00
"Vbg";407;2020-03-25 12:30:00
"W";699;2020-03-25 12:30:00
"Bgld";89;2020-03-25 12:45:00
"Ktn";160;2020-03-25 12:45:00
"NÖ";749;2020-03-25 12:45:00
"OÖ";900;2020-03-25 12:45:00
"Sbg";502;2020-03-25 12:45:00
"Stmk";621;2020-03-25 12:45:00
"T";1384;2020-03-25 12:45:00
"Vbg";407;2020-03-25 12:45:00
"W";700;2020-03-25 12:45:00
"Bgld";89;2020-03-25 13:00:00
"Ktn";161;2020-03-25 13:00:00
"NÖ";748;2020-03-25 13:00:00
"OÖ";900;2020-03-25 13:00:00
"Sbg";502;2020-03-25 13:00:00
"Stmk";621;2020-03-25 13:00:00
"T";1384;2020-03-25 13:00:00
"Vbg";407;2020-03-25 13:00:00
"W";701;2020-03-25 13:00:00
"Bgld";89;2020-03-25 13:15:00
"Ktn";161;2020-03-25 13:15:00
"NÖ";748;2020-03-25 13:15:00
"OÖ";901;2020-03-25 13:15:00
"Sbg";502;2020-03-25 13:15:00
"Stmk";621;2020-03-25 13:15:00
"T";1384;2020-03-25 13:15:00
"Vbg";407;2020-03-25 13:15:00
"W";701;2020-03-25 13:15:00
"Bgld";89;2020-03-25 13:30:00
"Ktn";161;2020-03-25 13:30:00
"NÖ";748;2020-03-25 13:30:00
"OÖ";901;2020-03-25 13:30:00
"Sbg";502;2020-03-25 13:30:00
"Stmk";621;2020-03-25 13:30:00
"T";1384;2020-03-25 13:30:00
"Vbg";407;2020-03-25 13:30:00
"W";700;2020-03-25 13:30:00
"Bgld";89;2020-03-25 13:45:00
"Ktn";161;2020-03-25 13:45:00
"NÖ";748;2020-03-25 13:45:00
"OÖ";904;2020-03-25 13:45:00
"Sbg";502;2020-03-25 13:45:00
"Stmk";621;2020-03-25 13:45:00
"T";1384;2020-03-25 13:45:00
"Vbg";407;2020-03-25 13:45:00
"W";700;2020-03-25 13:45:00
"Bgld";89;2020-03-25 14:00:00
"Ktn";161;2020-03-25 14:00:00
"NÖ";748;2020-03-25 14:00:00
"OÖ";904;2020-03-25 14:00:00
"Sbg";502;2020-03-25 14:00:00
"Stmk";623;2020-03-25 14:00:00
"T";1385;2020-03-25 14:00:00
"Vbg";407;2020-03-25 14:00:00
"W";700;2020-03-25 14:00:00
"Bgld";89;2020-03-25 14:15:00
"Ktn";161;2020-03-25 14:15:00
"NÖ";749;2020-03-25 14:15:00
"OÖ";904;2020-03-25 14:15:00
"Sbg";502;2020-03-25 14:15:00
"Stmk";627;2020-03-25 14:15:00
"T";1385;2020-03-25 14:15:00
"Vbg";407;2020-03-25 14:15:00
"W";702;2020-03-25 14:15:00
"Bgld";89;2020-03-25 14:30:00
"Ktn";161;2020-03-25 14:30:00
"NÖ";750;2020-03-25 14:30:00
"OÖ";915;2020-03-25 14:30:00
"Sbg";516;2020-03-25 14:30:00
"Stmk";627;2020-03-25 14:30:00
"T";1393;2020-03-25 14:30:00
"Vbg";407;2020-03-25 14:30:00
"W";702;2020-03-25 14:30:00
"Bgld";89;2020-03-25 14:45:00
"Ktn";161;2020-03-25 14:45:00
"NÖ";753;2020-03-25 14:45:00
"OÖ";918;2020-03-25 14:45:00
"Sbg";516;2020-03-25 14:45:00
"Stmk";627;2020-03-25 14:45:00
"T";1403;2020-03-25 14:45:00
"Vbg";407;2020-03-25 14:45:00
"W";703;2020-03-25 14:45:00
"Bgld";89;2020-03-25 15:00:00
"Ktn";161;2020-03-25 15:00:00
"NÖ";754;2020-03-25 15:00:00
"OÖ";921;2020-03-25 15:00:00
"Sbg";516;2020-03-25 15:00:00
"Stmk";627;2020-03-25 15:00:00
"T";1405;2020-03-25 15:00:00
"Vbg";409;2020-03-25 15:00:00
"W";706;2020-03-25 15:00:00
"Bgld";89;2020-03-25 15:15:00
"Ktn";161;2020-03-25 15:15:00
"NÖ";754;2020-03-25 15:15:00
"OÖ";923;2020-03-25 15:15:00
"Sbg";516;2020-03-25 15:15:00
"Stmk";627;2020-03-25 15:15:00
"T";1407;2020-03-25 15:15:00
"Vbg";409;2020-03-25 15:15:00
"W";706;2020-03-25 15:15:00
