﻿Meldedatum;BundeslandID;Bundesland;NormalBettenBelCovid19;IntensivBettenKapGes;IntensivBettenBelCovid19;IntensivBettenBelNichtCovid19;IntensivBettenFrei;TestGesamt
14.06.2021 00:00:00;1;Burgenland;6;58;3;19;36;1959166
14.06.2021 00:00:00;2;Kärnten;26;173;3;124;46;1805558
14.06.2021 00:00:00;3;Niederösterreich;28;335;26;198;111;9832538
14.06.2021 00:00:00;4;Oberösterreich;16;279;11;170;98;7331751
14.06.2021 00:00:00;5;Salzburg;8;132;1;89;42;2782675
14.06.2021 00:00:00;6;Steiermark;10;343;3;217;123;6235105
14.06.2021 00:00:00;7;Tirol;12;191;11;110;70;4631104
14.06.2021 00:00:00;8;Vorarlberg;4;52;7;20;25;2832446
14.06.2021 00:00:00;9;Wien;98;489;33;0;0;11048387
14.06.2021 00:00:00;10;Österreich;208;2052;98;1072;882;48458730