﻿Meldedatum;BundeslandID;Bundesland;NormalBettenBelCovid19;IntensivBettenKapGes;IntensivBettenBelCovid19;IntensivBettenBelNichtCovid19;IntensivBettenFrei;TestGesamt
22.07.2021 00:00:00;1;Burgenland;2;58;0;39;19;2414825
22.07.2021 00:00:00;2;Kärnten;8;174;0;131;43;2547004
22.07.2021 00:00:00;3;Niederösterreich;12;333;4;223;106;12521663
22.07.2021 00:00:00;4;Oberösterreich;2;279;2;187;90;9862860
22.07.2021 00:00:00;5;Salzburg;4;133;0;108;25;3892072
22.07.2021 00:00:00;6;Steiermark;5;338;2;231;105;8648183
22.07.2021 00:00:00;7;Tirol;3;191;0;148;43;5358989
22.07.2021 00:00:00;8;Vorarlberg;2;52;0;38;14;3785106
22.07.2021 00:00:00;9;Wien;40;489;18;0;0;14227187
22.07.2021 00:00:00;10;Österreich;78;2047;26;1230;791;63257889