﻿Bezirk;GKZ;AnzEinwohner;Anzahl;AnzahlTot;AnzahlFaelle7Tage
Eisenstadt(Stadt);101;14816;988;11;1
Rust(Stadt);102;1980;75;0;0
Eisenstadt-Umgebung;103;43236;2379;25;6
Güssing;104;25699;1834;57;3
Jennersdorf;105;17097;1304;26;3
Mattersburg;106;40042;2299;34;2
Neusiedl am See;107;59990;3272;42;5
Oberpullendorf;108;37384;2239;41;1
Oberwart;109;54192;3682;95;13
Klagenfurt Stadt;201;101300;6264;158;8
Villach Stadt;202;62882;3943;68;0
Hermagor;203;18054;1887;30;0
Klagenfurt Land;204;60014;4200;67;1
Sankt Veit an der Glan;205;54186;4015;99;4
Spittal an der Drau;206;75868;5845;124;3
Villach Land;207;64618;4474;86;2
Völkermarkt;208;41862;3704;62;2
Wolfsberg;209;52607;3494;73;2
Feldkirchen;210;29902;2411;52;0
Krems an der Donau(Stadt);301;25036;1393;31;0
Sankt Pölten(Stadt);302;55514;3911;58;5
Waidhofen an der Ybbs(Stadt);303;11222;916;14;1
Wiener Neustadt(Stadt);304;45823;3903;88;2
Amstetten;305;116520;10035;133;5
Baden;306;146751;9964;130;16
Bruck an der Leitha;307;103735;6144;94;34
Gänserndorf;308;104782;6018;71;12
Gmünd;309;36553;2742;44;1
Hollabrunn;310;51033;2628;53;0
Horn;311;30936;1538;27;0
Korneuburg;312;91254;4379;51;8
Krems(Land);313;56487;3319;41;1
Lilienfeld;314;25655;1687;50;0
Melk;315;78191;5797;102;2
Mistelbach;316;75625;3786;34;0
Mödling;317;119115;6413;118;18
Neunkirchen;318;86343;5989;102;2
Sankt Pölten(Land);319;131729;7984;140;10
Scheibbs;320;41414;3788;43;1
Tulln;321;104593;5443;83;4
Waidhofen an der Thaya;322;25682;1683;14;2
Wiener Neustadt(Land);323;78307;5265;96;3
Zwettl;325;41987;3343;38;0
Linz(Stadt);401;206595;13840;221;35
Steyr(Stadt);402;38056;2472;20;0
Wels(Stadt);403;62470;5654;82;3
Braunau am Inn;404;105553;9247;111;21
Eferding;405;33178;2806;35;1
Freistadt;406;66861;5545;93;1
Gmunden;407;101859;7839;113;1
Grieskirchen;408;64875;5225;72;2
Kirchdorf an der Krems;409;57071;4245;84;0
Linz-Land;410;151371;10203;89;13
Perg;411;68968;5899;77;5
Ried im Innkreis;412;61690;6000;102;2
Rohrbach;413;56545;5119;97;3
Schärding;414;57391;5328;73;1
Steyr-Land;415;60717;4276;70;0
Urfahr-Umgebung;416;86005;6132;73;4
Vöcklabruck;417;137297;11550;161;3
Wels-Land;418;73777;5708;64;2
Salzburg(Stadt);501;155021;11742;143;9
Hallein;502;60824;6699;65;2
Salzburg-Umgebung;503;153492;12394;123;14
Sankt Johann im Pongau;504;81194;9587;114;1
Tamsweg;505;20251;2489;43;3
Zell am See;506;87628;7259;106;0
Graz(Stadt);601;291072;16330;311;17
Deutschlandsberg;603;60867;4068;112;1
Graz-Umgebung;606;156070;8792;251;6
Leibnitz;610;84756;5916;112;2
Leoben;611;59700;3361;113;1
Liezen;612;79652;5457;114;3
Murau;614;27543;1997;30;0
Voitsberg;616;51044;3422;120;0
Weiz;617;90654;6207;147;7
Murtal;620;71698;5113;173;1
Bruck-Mürzzuschlag;621;98697;6105;249;2
Hartberg-Fürstenfeld;622;90606;7398;186;3
Südoststeiermark;623;84036;6034;171;1
Innsbruck-Stadt;701;131961;9834;97;7
Imst;702;60474;5492;39;6
Innsbruck-Land;703;180453;13957;136;22
Kitzbühel;704;64168;4488;43;1
Kufstein;705;110287;9401;138;1
Landeck;706;44386;3694;49;2
Lienz;707;48738;5322;46;3
Reutte;708;32838;2020;6;1
Schwaz;709;84329;9014;132;0
Bludenz;801;64107;4252;46;7
Bregenz;802;134987;9935;107;14
Dornbirn;803;89912;7754;76;7
Feldkirch;804;108133;8340;76;14
Wien;900;1911191;138831;2353;412