"geschlecht";"freq";"date"
"männlich";57;2020-03-21 19:45:00
"weiblich";43;2020-03-21 19:45:00
"männlich";57;2020-03-21 20:00:00
"weiblich";43;2020-03-21 20:00:00
"männlich";57;2020-03-21 20:15:00
"weiblich";43;2020-03-21 20:15:00
"männlich";57;2020-03-21 20:30:00
"weiblich";43;2020-03-21 20:30:00
"männlich";57;2020-03-21 20:45:00
"weiblich";43;2020-03-21 20:45:00
"männlich";57;2020-03-21 21:00:00
"weiblich";43;2020-03-21 21:00:00
"männlich";57;2020-03-21 21:15:00
"weiblich";43;2020-03-21 21:15:00
"männlich";57;2020-03-21 21:30:00
"weiblich";43;2020-03-21 21:30:00
"männlich";57;2020-03-21 21:45:00
"weiblich";43;2020-03-21 21:45:00
"männlich";57;2020-03-21 22:00:00
"weiblich";43;2020-03-21 22:00:00
"männlich";57;2020-03-21 22:15:00
"weiblich";43;2020-03-21 22:15:00
"männlich";57;2020-03-21 22:30:00
"weiblich";43;2020-03-21 22:30:00
"männlich";57;2020-03-21 22:45:00
"weiblich";43;2020-03-21 22:45:00
"männlich";57;2020-03-21 23:00:00
"weiblich";43;2020-03-21 23:00:00
"männlich";57;2020-03-21 23:15:00
"weiblich";43;2020-03-21 23:15:00
"männlich";57;2020-03-21 23:30:00
"weiblich";43;2020-03-21 23:30:00
"männlich";57;2020-03-21 23:45:00
"weiblich";43;2020-03-21 23:45:00
"männlich";57;2020-03-22 00:00:00
"weiblich";43;2020-03-22 00:00:00
"männlich";57;2020-03-22 00:15:00
"weiblich";43;2020-03-22 00:15:00
"männlich";57;2020-03-22 00:30:00
"weiblich";43;2020-03-22 00:30:00
"männlich";57;2020-03-22 00:45:00
"weiblich";43;2020-03-22 00:45:00
"männlich";57;2020-03-22 01:00:00
"weiblich";43;2020-03-22 01:00:00
"männlich";57;2020-03-22 01:15:00
"weiblich";43;2020-03-22 01:15:00
"männlich";57;2020-03-22 01:30:00
"weiblich";43;2020-03-22 01:30:00
"männlich";57;2020-03-22 01:45:00
"weiblich";43;2020-03-22 01:45:00
"männlich";57;2020-03-22 02:00:00
"weiblich";43;2020-03-22 02:00:00
"männlich";57;2020-03-22 02:15:00
"weiblich";43;2020-03-22 02:15:00
"männlich";57;2020-03-22 02:30:00
"weiblich";43;2020-03-22 02:30:00
"männlich";57;2020-03-22 02:45:00
"weiblich";43;2020-03-22 02:45:00
"männlich";57;2020-03-22 03:00:00
"weiblich";43;2020-03-22 03:00:00
"männlich";57;2020-03-22 03:15:00
"weiblich";43;2020-03-22 03:15:00
"männlich";57;2020-03-22 03:30:00
"weiblich";43;2020-03-22 03:30:00
"männlich";57;2020-03-22 03:45:00
"weiblich";43;2020-03-22 03:45:00
"männlich";57;2020-03-22 04:00:00
"weiblich";43;2020-03-22 04:00:00
"männlich";57;2020-03-22 04:15:00
"weiblich";43;2020-03-22 04:15:00
"männlich";57;2020-03-22 04:30:00
"weiblich";43;2020-03-22 04:30:00
"männlich";57;2020-03-22 04:45:00
"weiblich";43;2020-03-22 04:45:00
"männlich";57;2020-03-22 05:00:00
"weiblich";43;2020-03-22 05:00:00
"männlich";57;2020-03-22 05:15:00
"weiblich";43;2020-03-22 05:15:00
"männlich";57;2020-03-22 05:30:00
"weiblich";43;2020-03-22 05:30:00
"männlich";57;2020-03-22 05:45:00
"weiblich";43;2020-03-22 05:45:00
"männlich";57;2020-03-22 06:00:00
"weiblich";43;2020-03-22 06:00:00
"männlich";57;2020-03-22 06:15:00
"weiblich";43;2020-03-22 06:15:00
"männlich";57;2020-03-22 06:30:00
"weiblich";43;2020-03-22 06:30:00
"männlich";57;2020-03-22 06:45:00
"weiblich";43;2020-03-22 06:45:00
"männlich";57;2020-03-22 07:00:00
"weiblich";43;2020-03-22 07:00:00
"männlich";57;2020-03-22 07:15:00
"weiblich";43;2020-03-22 07:15:00
"männlich";57;2020-03-22 07:30:00
"weiblich";43;2020-03-22 07:30:00
"männlich";57;2020-03-22 07:45:00
"weiblich";43;2020-03-22 07:45:00
"männlich";57;2020-03-22 08:00:00
"weiblich";43;2020-03-22 08:00:00
"männlich";57;2020-03-22 08:15:00
"weiblich";43;2020-03-22 08:15:00
"männlich";57;2020-03-22 08:30:00
"weiblich";43;2020-03-22 08:30:00
"männlich";57;2020-03-22 08:45:00
"weiblich";43;2020-03-22 08:45:00
"männlich";57;2020-03-22 09:00:00
"weiblich";43;2020-03-22 09:00:00
"männlich";57;2020-03-22 09:15:00
"weiblich";43;2020-03-22 09:15:00
"männlich";57;2020-03-22 09:30:00
"weiblich";43;2020-03-22 09:30:00
"männlich";57;2020-03-22 09:45:00
"weiblich";43;2020-03-22 09:45:00
"männlich";57;2020-03-22 10:00:00
"weiblich";43;2020-03-22 10:00:00
"männlich";57;2020-03-22 10:15:00
"weiblich";43;2020-03-22 10:15:00
"männlich";57;2020-03-22 10:30:00
"weiblich";43;2020-03-22 10:30:00
"männlich";57;2020-03-22 10:45:00
"weiblich";43;2020-03-22 10:45:00
"männlich";57;2020-03-22 11:00:00
"weiblich";43;2020-03-22 11:00:00
"männlich";57;2020-03-22 11:15:00
"weiblich";43;2020-03-22 11:15:00
"männlich";57;2020-03-22 11:30:00
"weiblich";43;2020-03-22 11:30:00
"männlich";57;2020-03-22 11:45:00
"weiblich";43;2020-03-22 11:45:00
"männlich";57;2020-03-22 12:00:00
"weiblich";43;2020-03-22 12:00:00
"männlich";57;2020-03-22 12:15:00
"weiblich";43;2020-03-22 12:15:00
"männlich";57;2020-03-22 12:30:00
"weiblich";43;2020-03-22 12:30:00
"männlich";57;2020-03-22 12:45:00
"weiblich";43;2020-03-22 12:45:00
"männlich";57;2020-03-22 13:00:00
"weiblich";43;2020-03-22 13:00:00
"männlich";57;2020-03-22 13:15:00
"weiblich";43;2020-03-22 13:15:00
"männlich";57;2020-03-22 13:30:00
"weiblich";43;2020-03-22 13:30:00
"männlich";57;2020-03-22 13:45:00
"weiblich";43;2020-03-22 13:45:00
"männlich";57;2020-03-22 14:00:00
"weiblich";43;2020-03-22 14:00:00
"männlich";57;2020-03-22 14:15:00
"weiblich";43;2020-03-22 14:15:00
"männlich";57;2020-03-22 14:30:00
"weiblich";43;2020-03-22 14:30:00
"männlich";57;2020-03-22 14:45:00
"weiblich";43;2020-03-22 14:45:00
"männlich";57;2020-03-22 15:00:00
"weiblich";43;2020-03-22 15:00:00
"männlich";57;2020-03-22 15:15:00
"weiblich";43;2020-03-22 15:15:00
"männlich";57;2020-03-22 15:30:00
"weiblich";43;2020-03-22 15:30:00
"männlich";57;2020-03-22 15:45:00
"weiblich";43;2020-03-22 15:45:00
"männlich";57;2020-03-22 16:00:00
"weiblich";43;2020-03-22 16:00:00
"männlich";57;2020-03-22 16:15:00
"weiblich";43;2020-03-22 16:15:00
"männlich";57;2020-03-22 16:30:00
"weiblich";43;2020-03-22 16:30:00
"männlich";57;2020-03-22 16:45:00
"weiblich";43;2020-03-22 16:45:00
"männlich";57;2020-03-22 17:00:00
"weiblich";43;2020-03-22 17:00:00
"männlich";57;2020-03-22 17:15:00
"weiblich";43;2020-03-22 17:15:00
"männlich";57;2020-03-22 17:30:00
"weiblich";43;2020-03-22 17:30:00
"männlich";57;2020-03-22 17:45:00
"weiblich";43;2020-03-22 17:45:00
"männlich";57;2020-03-22 18:00:00
"weiblich";43;2020-03-22 18:00:00
"männlich";57;2020-03-22 18:15:00
"weiblich";43;2020-03-22 18:15:00
"männlich";57;2020-03-22 18:30:00
"weiblich";43;2020-03-22 18:30:00
"männlich";57;2020-03-22 18:45:00
"weiblich";43;2020-03-22 18:45:00
"männlich";57;2020-03-22 19:00:00
"weiblich";43;2020-03-22 19:00:00
"männlich";57;2020-03-22 19:15:00
"weiblich";43;2020-03-22 19:15:00
"männlich";57;2020-03-22 19:30:00
"weiblich";43;2020-03-22 19:30:00
"männlich";57;2020-03-22 19:45:00
"weiblich";43;2020-03-22 19:45:00
"männlich";57;2020-03-22 20:00:00
"weiblich";43;2020-03-22 20:00:00
"männlich";57;2020-03-22 20:15:00
"weiblich";43;2020-03-22 20:15:00
"männlich";57;2020-03-22 20:30:00
"weiblich";43;2020-03-22 20:30:00
"männlich";57;2020-03-22 20:45:00
"weiblich";43;2020-03-22 20:45:00
"männlich";57;2020-03-22 21:00:00
"weiblich";43;2020-03-22 21:00:00
"männlich";57;2020-03-22 21:15:00
"weiblich";43;2020-03-22 21:15:00
"männlich";57;2020-03-22 21:30:00
"weiblich";43;2020-03-22 21:30:00
"männlich";57;2020-03-22 21:45:00
"weiblich";43;2020-03-22 21:45:00
"männlich";57;2020-03-22 22:00:00
"weiblich";43;2020-03-22 22:00:00
"männlich";57;2020-03-22 22:15:00
"weiblich";43;2020-03-22 22:15:00
"männlich";57;2020-03-22 22:30:00
"weiblich";43;2020-03-22 22:30:00
"männlich";57;2020-03-22 22:45:00
"weiblich";43;2020-03-22 22:45:00
"männlich";57;2020-03-22 23:00:00
"weiblich";43;2020-03-22 23:00:00
"männlich";57;2020-03-22 23:15:00
"weiblich";43;2020-03-22 23:15:00
"männlich";57;2020-03-22 23:30:00
"weiblich";43;2020-03-22 23:30:00
"männlich";57;2020-03-22 23:45:00
"weiblich";43;2020-03-22 23:45:00
"männlich";57;2020-03-23 00:00:00
"weiblich";43;2020-03-23 00:00:00
"männlich";57;2020-03-23 00:15:00
"weiblich";43;2020-03-23 00:15:00
"männlich";57;2020-03-23 00:30:00
"weiblich";43;2020-03-23 00:30:00
"männlich";57;2020-03-23 00:45:00
"weiblich";43;2020-03-23 00:45:00
"männlich";57;2020-03-23 01:00:00
"weiblich";43;2020-03-23 01:00:00
"männlich";57;2020-03-23 01:15:00
"weiblich";43;2020-03-23 01:15:00
"männlich";57;2020-03-23 01:30:00
"weiblich";43;2020-03-23 01:30:00
"männlich";57;2020-03-23 01:45:00
"weiblich";43;2020-03-23 01:45:00
"männlich";57;2020-03-23 02:00:00
"weiblich";43;2020-03-23 02:00:00
"männlich";57;2020-03-23 02:15:00
"weiblich";43;2020-03-23 02:15:00
"männlich";57;2020-03-23 02:30:00
"weiblich";43;2020-03-23 02:30:00
"männlich";57;2020-03-23 02:45:00
"weiblich";43;2020-03-23 02:45:00
"männlich";57;2020-03-23 03:00:00
"weiblich";43;2020-03-23 03:00:00
"männlich";57;2020-03-23 03:15:00
"weiblich";43;2020-03-23 03:15:00
"männlich";57;2020-03-23 03:30:00
"weiblich";43;2020-03-23 03:30:00
"männlich";57;2020-03-23 03:45:00
"weiblich";43;2020-03-23 03:45:00
"männlich";57;2020-03-23 04:00:00
"weiblich";43;2020-03-23 04:00:00
"männlich";57;2020-03-23 04:15:00
"weiblich";43;2020-03-23 04:15:00
"männlich";57;2020-03-23 04:30:00
"weiblich";43;2020-03-23 04:30:00
"männlich";57;2020-03-23 04:45:00
"weiblich";43;2020-03-23 04:45:00
"männlich";57;2020-03-23 05:00:00
"weiblich";43;2020-03-23 05:00:00
"männlich";57;2020-03-23 05:15:00
"weiblich";43;2020-03-23 05:15:00
"männlich";57;2020-03-23 05:30:00
"weiblich";43;2020-03-23 05:30:00
"männlich";57;2020-03-23 05:45:00
"weiblich";43;2020-03-23 05:45:00
"männlich";57;2020-03-23 06:00:00
"weiblich";43;2020-03-23 06:00:00
"männlich";57;2020-03-23 06:15:00
"weiblich";43;2020-03-23 06:15:00
"männlich";57;2020-03-23 06:30:00
"weiblich";43;2020-03-23 06:30:00
"männlich";57;2020-03-23 06:45:00
"weiblich";43;2020-03-23 06:45:00
"männlich";56;2020-03-23 07:00:00
"weiblich";44;2020-03-23 07:00:00
"männlich";57;2020-03-23 07:15:00
"weiblich";43;2020-03-23 07:15:00
"männlich";56;2020-03-23 07:30:00
"weiblich";44;2020-03-23 07:30:00
"männlich";56;2020-03-23 07:45:00
"weiblich";44;2020-03-23 07:45:00
"männlich";56;2020-03-23 08:00:00
"weiblich";44;2020-03-23 08:00:00
"männlich";56;2020-03-23 08:15:00
"weiblich";44;2020-03-23 08:15:00
"männlich";56;2020-03-23 08:30:00
"weiblich";44;2020-03-23 08:30:00
"männlich";56;2020-03-23 08:45:00
"weiblich";44;2020-03-23 08:45:00
"männlich";56;2020-03-23 09:00:00
"weiblich";44;2020-03-23 09:00:00
"männlich";56;2020-03-23 09:15:00
"weiblich";44;2020-03-23 09:15:00
"männlich";56;2020-03-23 09:30:00
"weiblich";44;2020-03-23 09:30:00
"männlich";56;2020-03-23 09:45:00
"weiblich";44;2020-03-23 09:45:00
"männlich";56;2020-03-23 10:00:00
"weiblich";44;2020-03-23 10:00:00
"männlich";56;2020-03-23 10:15:00
"weiblich";44;2020-03-23 10:15:00
"männlich";56;2020-03-23 10:30:00
"weiblich";44;2020-03-23 10:30:00
"männlich";56;2020-03-23 10:45:00
"weiblich";44;2020-03-23 10:45:00
"männlich";56;2020-03-23 11:00:00
"weiblich";44;2020-03-23 11:00:00
"männlich";56;2020-03-23 11:15:00
"weiblich";44;2020-03-23 11:15:00
"männlich";56;2020-03-23 11:30:00
"weiblich";44;2020-03-23 11:30:00
"männlich";56;2020-03-23 11:45:00
"weiblich";44;2020-03-23 11:45:00
"männlich";56;2020-03-23 12:00:00
"weiblich";44;2020-03-23 12:00:00
"männlich";56;2020-03-23 12:15:00
"weiblich";44;2020-03-23 12:15:00
"männlich";56;2020-03-23 12:30:00
"weiblich";44;2020-03-23 12:30:00
"männlich";56;2020-03-23 12:45:00
"weiblich";44;2020-03-23 12:45:00
"männlich";56;2020-03-23 13:00:00
"weiblich";44;2020-03-23 13:00:00
"männlich";56;2020-03-23 13:15:00
"weiblich";44;2020-03-23 13:15:00
"männlich";56;2020-03-23 13:30:00
"weiblich";44;2020-03-23 13:30:00
"männlich";56;2020-03-23 13:45:00
"weiblich";44;2020-03-23 13:45:00
"männlich";56;2020-03-23 14:00:00
"weiblich";44;2020-03-23 14:00:00
"männlich";56;2020-03-23 14:15:00
"weiblich";44;2020-03-23 14:15:00
"männlich";56;2020-03-23 14:30:00
"weiblich";44;2020-03-23 14:30:00
"männlich";56;2020-03-23 14:45:00
"weiblich";44;2020-03-23 14:45:00
"männlich";56;2020-03-23 15:00:00
"weiblich";44;2020-03-23 15:00:00
"männlich";56;2020-03-23 15:15:00
"weiblich";44;2020-03-23 15:15:00
"männlich";56;2020-03-23 15:30:00
"weiblich";44;2020-03-23 15:30:00
"männlich";56;2020-03-23 15:45:00
"weiblich";44;2020-03-23 15:45:00
"männlich";56;2020-03-23 16:00:00
"weiblich";44;2020-03-23 16:00:00
"männlich";56;2020-03-23 16:15:00
"weiblich";44;2020-03-23 16:15:00
"männlich";56;2020-03-23 16:30:00
"weiblich";44;2020-03-23 16:30:00
"männlich";56;2020-03-23 16:45:00
"weiblich";44;2020-03-23 16:45:00
"männlich";56;2020-03-23 17:00:00
"weiblich";44;2020-03-23 17:00:00
"männlich";56;2020-03-23 17:15:00
"weiblich";44;2020-03-23 17:15:00
"männlich";56;2020-03-23 17:30:00
"weiblich";44;2020-03-23 17:30:00
"männlich";56;2020-03-23 17:45:00
"weiblich";44;2020-03-23 17:45:00
"männlich";56;2020-03-23 18:00:00
"weiblich";44;2020-03-23 18:00:00
"männlich";56;2020-03-23 18:15:00
"weiblich";44;2020-03-23 18:15:00
"männlich";56;2020-03-23 18:30:00
"weiblich";44;2020-03-23 18:30:00
"männlich";56;2020-03-23 18:45:00
"weiblich";44;2020-03-23 18:45:00
"männlich";56;2020-03-23 19:00:00
"weiblich";44;2020-03-23 19:00:00
"männlich";56;2020-03-23 19:15:00
"weiblich";44;2020-03-23 19:15:00
"männlich";56;2020-03-23 19:30:00
"weiblich";44;2020-03-23 19:30:00
"männlich";56;2020-03-23 19:45:00
"weiblich";44;2020-03-23 19:45:00
"männlich";56;2020-03-23 20:00:00
"weiblich";44;2020-03-23 20:00:00
"männlich";56;2020-03-23 20:15:00
"weiblich";44;2020-03-23 20:15:00
"männlich";56;2020-03-23 20:30:00
"weiblich";44;2020-03-23 20:30:00
"männlich";56;2020-03-23 20:45:00
"weiblich";44;2020-03-23 20:45:00
"männlich";56;2020-03-23 21:00:00
"weiblich";44;2020-03-23 21:00:00
"männlich";56;2020-03-23 21:15:00
"weiblich";44;2020-03-23 21:15:00
"männlich";56;2020-03-23 21:30:00
"weiblich";44;2020-03-23 21:30:00
"männlich";56;2020-03-23 21:45:00
"weiblich";44;2020-03-23 21:45:00
"männlich";56;2020-03-23 22:00:00
"weiblich";44;2020-03-23 22:00:00
"männlich";56;2020-03-23 22:15:00
"weiblich";44;2020-03-23 22:15:00
"männlich";56;2020-03-23 22:30:00
"weiblich";44;2020-03-23 22:30:00
"männlich";56;2020-03-23 22:45:00
"weiblich";44;2020-03-23 22:45:00
"männlich";56;2020-03-23 23:00:00
"weiblich";44;2020-03-23 23:00:00
"männlich";56;2020-03-23 23:15:00
"weiblich";44;2020-03-23 23:15:00
"männlich";56;2020-03-23 23:30:00
"weiblich";44;2020-03-23 23:30:00
"männlich";56;2020-03-23 23:45:00
"weiblich";44;2020-03-23 23:45:00
"männlich";56;2020-03-24 00:00:00
"weiblich";44;2020-03-24 00:00:00
"männlich";56;2020-03-24 00:15:00
"weiblich";44;2020-03-24 00:15:00
"männlich";56;2020-03-24 00:30:00
"weiblich";44;2020-03-24 00:30:00
"männlich";56;2020-03-24 00:45:00
"weiblich";44;2020-03-24 00:45:00
"männlich";56;2020-03-24 01:00:00
"weiblich";44;2020-03-24 01:00:00
"männlich";56;2020-03-24 01:15:00
"weiblich";44;2020-03-24 01:15:00
"männlich";56;2020-03-24 01:30:00
"weiblich";44;2020-03-24 01:30:00
"männlich";56;2020-03-24 01:45:00
"weiblich";44;2020-03-24 01:45:00
"männlich";56;2020-03-24 02:00:00
"weiblich";44;2020-03-24 02:00:00
"männlich";56;2020-03-24 02:15:00
"weiblich";44;2020-03-24 02:15:00
"männlich";56;2020-03-24 02:30:00
"weiblich";44;2020-03-24 02:30:00
"männlich";56;2020-03-24 02:45:00
"weiblich";44;2020-03-24 02:45:00
"männlich";56;2020-03-24 03:00:00
"weiblich";44;2020-03-24 03:00:00
"männlich";56;2020-03-24 03:15:00
"weiblich";44;2020-03-24 03:15:00
"männlich";56;2020-03-24 03:30:00
"weiblich";44;2020-03-24 03:30:00
"männlich";56;2020-03-24 03:45:00
"weiblich";44;2020-03-24 03:45:00
"männlich";56;2020-03-24 04:00:00
"weiblich";44;2020-03-24 04:00:00
"männlich";56;2020-03-24 04:15:00
"weiblich";44;2020-03-24 04:15:00
"männlich";56;2020-03-24 04:30:00
"weiblich";44;2020-03-24 04:30:00
"männlich";56;2020-03-24 04:45:00
"weiblich";44;2020-03-24 04:45:00
"männlich";56;2020-03-24 05:00:00
"weiblich";44;2020-03-24 05:00:00
"männlich";56;2020-03-24 05:15:00
"weiblich";44;2020-03-24 05:15:00
"männlich";56;2020-03-24 05:30:00
"weiblich";44;2020-03-24 05:30:00
"männlich";56;2020-03-24 05:45:00
"weiblich";44;2020-03-24 05:45:00
"männlich";56;2020-03-24 06:00:00
"weiblich";44;2020-03-24 06:00:00
"männlich";56;2020-03-24 06:15:00
"weiblich";44;2020-03-24 06:15:00
"männlich";56;2020-03-24 06:30:00
"weiblich";44;2020-03-24 06:30:00
"männlich";56;2020-03-24 06:45:00
"weiblich";44;2020-03-24 06:45:00
"männlich";56;2020-03-24 07:00:00
"weiblich";44;2020-03-24 07:00:00
"männlich";56;2020-03-24 07:15:00
"weiblich";44;2020-03-24 07:15:00
"männlich";56;2020-03-24 07:30:00
"weiblich";44;2020-03-24 07:30:00
"männlich";56;2020-03-24 07:45:00
"weiblich";44;2020-03-24 07:45:00
"männlich";56;2020-03-24 08:00:00
"weiblich";44;2020-03-24 08:00:00
"männlich";56;2020-03-24 08:15:00
"weiblich";44;2020-03-24 08:15:00
"männlich";56;2020-03-24 08:30:00
"weiblich";44;2020-03-24 08:30:00
"männlich";56;2020-03-24 08:45:00
"weiblich";44;2020-03-24 08:45:00
"männlich";56;2020-03-24 09:00:00
"weiblich";44;2020-03-24 09:00:00
"männlich";56;2020-03-24 09:15:00
"weiblich";44;2020-03-24 09:15:00
"männlich";56;2020-03-24 09:30:00
"weiblich";44;2020-03-24 09:30:00
"männlich";56;2020-03-24 09:45:00
"weiblich";44;2020-03-24 09:45:00
"männlich";56;2020-03-24 10:00:00
"weiblich";44;2020-03-24 10:00:00
"männlich";56;2020-03-24 10:15:00
"weiblich";44;2020-03-24 10:15:00
"männlich";56;2020-03-24 10:30:00
"weiblich";44;2020-03-24 10:30:00
"männlich";56;2020-03-24 10:45:00
"weiblich";44;2020-03-24 10:45:00
"männlich";55;2020-03-24 11:00:00
"weiblich";45;2020-03-24 11:00:00
"männlich";55;2020-03-24 11:15:00
"weiblich";45;2020-03-24 11:15:00
"männlich";55;2020-03-24 11:30:00
"weiblich";45;2020-03-24 11:30:00
"männlich";55;2020-03-24 11:45:00
"weiblich";45;2020-03-24 11:45:00
"männlich";55;2020-03-24 12:00:00
"weiblich";45;2020-03-24 12:00:00
"männlich";55;2020-03-24 12:15:00
"weiblich";45;2020-03-24 12:15:00
"männlich";55;2020-03-24 12:30:00
"weiblich";45;2020-03-24 12:30:00
"männlich";55;2020-03-24 12:45:00
"weiblich";45;2020-03-24 12:45:00
"männlich";55;2020-03-24 13:00:00
"weiblich";45;2020-03-24 13:00:00
"männlich";55;2020-03-24 13:15:00
"weiblich";45;2020-03-24 13:15:00
"männlich";55;2020-03-24 13:30:00
"weiblich";45;2020-03-24 13:30:00
"männlich";55;2020-03-24 13:45:00
"weiblich";45;2020-03-24 13:45:00
"männlich";55;2020-03-24 14:00:00
"weiblich";45;2020-03-24 14:00:00
"männlich";55;2020-03-24 14:15:00
"weiblich";45;2020-03-24 14:15:00
"männlich";55;2020-03-24 14:30:00
"weiblich";45;2020-03-24 14:30:00
"männlich";55;2020-03-24 14:45:00
"weiblich";45;2020-03-24 14:45:00
"männlich";55;2020-03-24 15:00:00
"weiblich";45;2020-03-24 15:00:00
"männlich";55;2020-03-24 15:15:00
"weiblich";45;2020-03-24 15:15:00
"männlich";55;2020-03-24 15:30:00
"weiblich";45;2020-03-24 15:30:00
"männlich";55;2020-03-24 15:45:00
"weiblich";45;2020-03-24 15:45:00
"männlich";55;2020-03-24 16:00:00
"weiblich";45;2020-03-24 16:00:00
"männlich";55;2020-03-24 16:15:00
"weiblich";45;2020-03-24 16:15:00
"männlich";55;2020-03-24 16:30:00
"weiblich";45;2020-03-24 16:30:00
"männlich";55;2020-03-24 16:45:00
"weiblich";45;2020-03-24 16:45:00
"männlich";55;2020-03-24 17:00:00
"weiblich";45;2020-03-24 17:00:00
"männlich";55;2020-03-24 17:15:00
"weiblich";45;2020-03-24 17:15:00
"männlich";55;2020-03-24 17:30:00
"weiblich";45;2020-03-24 17:30:00
"männlich";55;2020-03-24 17:45:00
"weiblich";45;2020-03-24 17:45:00
"männlich";55;2020-03-24 18:00:00
"weiblich";45;2020-03-24 18:00:00
"männlich";55;2020-03-24 18:15:00
"weiblich";45;2020-03-24 18:15:00
"männlich";55;2020-03-24 18:30:00
"weiblich";45;2020-03-24 18:30:00
"männlich";55;2020-03-24 18:45:00
"weiblich";45;2020-03-24 18:45:00
"männlich";55;2020-03-24 19:00:00
"weiblich";45;2020-03-24 19:00:00
"männlich";55;2020-03-24 19:15:00
"weiblich";45;2020-03-24 19:15:00
"männlich";55;2020-03-24 19:30:00
"weiblich";45;2020-03-24 19:30:00
"männlich";55;2020-03-24 19:45:00
"weiblich";45;2020-03-24 19:45:00
"männlich";55;2020-03-24 20:00:00
"weiblich";45;2020-03-24 20:00:00
"männlich";55;2020-03-24 20:15:00
"weiblich";45;2020-03-24 20:15:00
"männlich";55;2020-03-24 20:30:00
"weiblich";45;2020-03-24 20:30:00
"männlich";55;2020-03-24 20:45:00
"weiblich";45;2020-03-24 20:45:00
"männlich";55;2020-03-24 21:00:00
"weiblich";45;2020-03-24 21:00:00
"männlich";55;2020-03-24 21:15:00
"weiblich";45;2020-03-24 21:15:00
"männlich";55;2020-03-24 21:30:00
"weiblich";45;2020-03-24 21:30:00
"männlich";55;2020-03-24 21:45:00
"weiblich";45;2020-03-24 21:45:00
"männlich";55;2020-03-24 22:00:00
"weiblich";45;2020-03-24 22:00:00
"männlich";55;2020-03-24 22:15:00
"weiblich";45;2020-03-24 22:15:00
"männlich";55;2020-03-24 22:30:00
"weiblich";45;2020-03-24 22:30:00
"männlich";55;2020-03-24 22:45:00
"weiblich";45;2020-03-24 22:45:00
"männlich";55;2020-03-24 23:00:00
"weiblich";45;2020-03-24 23:00:00
"männlich";55;2020-03-24 23:15:00
"weiblich";45;2020-03-24 23:15:00
"männlich";55;2020-03-24 23:30:00
"weiblich";45;2020-03-24 23:30:00
"männlich";55;2020-03-24 23:45:00
"weiblich";45;2020-03-24 23:45:00
"männlich";55;2020-03-25 00:00:00
"weiblich";45;2020-03-25 00:00:00
"männlich";55;2020-03-25 00:15:00
"weiblich";45;2020-03-25 00:15:00
"männlich";55;2020-03-25 00:30:00
"weiblich";45;2020-03-25 00:30:00
"männlich";55;2020-03-25 00:45:00
"weiblich";45;2020-03-25 00:45:00
"männlich";55;2020-03-25 01:00:00
"weiblich";45;2020-03-25 01:00:00
"männlich";55;2020-03-25 01:15:00
"weiblich";45;2020-03-25 01:15:00
"männlich";55;2020-03-25 01:30:00
"weiblich";45;2020-03-25 01:30:00
"männlich";55;2020-03-25 01:45:00
"weiblich";45;2020-03-25 01:45:00
"männlich";55;2020-03-25 02:00:00
"weiblich";45;2020-03-25 02:00:00
"männlich";55;2020-03-25 02:15:00
"weiblich";45;2020-03-25 02:15:00
"männlich";55;2020-03-25 02:30:00
"weiblich";45;2020-03-25 02:30:00
"männlich";55;2020-03-25 02:45:00
"weiblich";45;2020-03-25 02:45:00
"männlich";55;2020-03-25 03:00:00
"weiblich";45;2020-03-25 03:00:00
"männlich";55;2020-03-25 03:15:00
"weiblich";45;2020-03-25 03:15:00
"männlich";55;2020-03-25 03:30:00
"weiblich";45;2020-03-25 03:30:00
"männlich";55;2020-03-25 03:45:00
"weiblich";45;2020-03-25 03:45:00
"männlich";55;2020-03-25 04:00:00
"weiblich";45;2020-03-25 04:00:00
"männlich";55;2020-03-25 04:15:00
"weiblich";45;2020-03-25 04:15:00
"männlich";55;2020-03-25 04:30:00
"weiblich";45;2020-03-25 04:30:00
"männlich";55;2020-03-25 04:45:00
"weiblich";45;2020-03-25 04:45:00
"männlich";55;2020-03-25 05:00:00
"weiblich";45;2020-03-25 05:00:00
"männlich";55;2020-03-25 05:15:00
"weiblich";45;2020-03-25 05:15:00
"männlich";55;2020-03-25 05:30:00
"weiblich";45;2020-03-25 05:30:00
"männlich";55;2020-03-25 05:45:00
"weiblich";45;2020-03-25 05:45:00
"männlich";55;2020-03-25 06:00:00
"weiblich";45;2020-03-25 06:00:00
"männlich";55;2020-03-25 06:15:00
"weiblich";45;2020-03-25 06:15:00
"männlich";55;2020-03-25 06:30:00
"weiblich";45;2020-03-25 06:30:00
"männlich";55;2020-03-25 06:45:00
"weiblich";45;2020-03-25 06:45:00
"männlich";55;2020-03-25 07:00:00
"weiblich";45;2020-03-25 07:00:00
"männlich";55;2020-03-25 07:15:00
"weiblich";45;2020-03-25 07:15:00
"männlich";55;2020-03-25 07:30:00
"weiblich";45;2020-03-25 07:30:00
"männlich";55;2020-03-25 07:45:00
"weiblich";45;2020-03-25 07:45:00
"männlich";55;2020-03-25 08:00:00
"weiblich";45;2020-03-25 08:00:00
"männlich";55;2020-03-25 08:15:00
"weiblich";45;2020-03-25 08:15:00
"männlich";55;2020-03-25 08:30:00
"weiblich";45;2020-03-25 08:30:00
"männlich";55;2020-03-25 08:45:00
"weiblich";45;2020-03-25 08:45:00
"männlich";55;2020-03-25 09:00:00
"weiblich";45;2020-03-25 09:00:00
"männlich";55;2020-03-25 09:15:00
"weiblich";45;2020-03-25 09:15:00
"männlich";55;2020-03-25 09:30:00
"weiblich";45;2020-03-25 09:30:00
"männlich";55;2020-03-25 09:45:00
"weiblich";45;2020-03-25 09:45:00
"männlich";55;2020-03-25 10:00:00
"weiblich";45;2020-03-25 10:00:00
"männlich";55;2020-03-25 10:15:00
"weiblich";45;2020-03-25 10:15:00
"männlich";55;2020-03-25 10:30:00
"weiblich";45;2020-03-25 10:30:00
"männlich";55;2020-03-25 10:45:00
"weiblich";45;2020-03-25 10:45:00
"männlich";55;2020-03-25 11:00:00
"weiblich";45;2020-03-25 11:00:00
"männlich";55;2020-03-25 11:15:00
"weiblich";45;2020-03-25 11:15:00
"männlich";55;2020-03-25 11:30:00
"weiblich";45;2020-03-25 11:30:00
"männlich";55;2020-03-25 11:45:00
"weiblich";45;2020-03-25 11:45:00
"männlich";55;2020-03-25 12:00:00
"weiblich";45;2020-03-25 12:00:00
"männlich";55;2020-03-25 12:15:00
"weiblich";45;2020-03-25 12:15:00
"männlich";55;2020-03-25 12:30:00
"weiblich";45;2020-03-25 12:30:00
"männlich";55;2020-03-25 12:45:00
"weiblich";45;2020-03-25 12:45:00
"männlich";55;2020-03-25 13:00:00
"weiblich";45;2020-03-25 13:00:00
"männlich";55;2020-03-25 13:15:00
"weiblich";45;2020-03-25 13:15:00
"männlich";55;2020-03-25 13:30:00
"weiblich";45;2020-03-25 13:30:00
"männlich";55;2020-03-25 13:45:00
"weiblich";45;2020-03-25 13:45:00
"männlich";55;2020-03-25 14:00:00
"weiblich";45;2020-03-25 14:00:00
"männlich";55;2020-03-25 14:15:00
"weiblich";45;2020-03-25 14:15:00
"männlich";55;2020-03-25 14:30:00
"weiblich";45;2020-03-25 14:30:00
"männlich";55;2020-03-25 14:45:00
"weiblich";45;2020-03-25 14:45:00
"männlich";55;2020-03-25 15:00:00
"weiblich";45;2020-03-25 15:00:00
"männlich";55;2020-03-25 15:15:00
"weiblich";45;2020-03-25 15:15:00
"männlich";55;2020-03-25 15:30:00
"weiblich";45;2020-03-25 15:30:00
"männlich";54;2020-03-26 17:22:58
"weiblich";46;2020-03-26 17:22:58
"männlich";54;2020-03-26 18:00:00
"weiblich";46;2020-03-26 18:00:00
"männlich";54;2020-03-26 19:00:00
"weiblich";46;2020-03-26 19:00:00
"männlich";53;2020-03-26 20:00:00
"weiblich";47;2020-03-26 20:00:00
"männlich";53;2020-03-26 21:00:00
"weiblich";47;2020-03-26 21:00:00
"männlich";53;2020-03-26 22:00:00
"weiblich";47;2020-03-26 22:00:00
"männlich";53;2020-03-26 23:00:00
"weiblich";47;2020-03-26 23:00:00
"männlich";53;2020-03-27 00:00:00
"weiblich";47;2020-03-27 00:00:00
"männlich";53;2020-03-27 01:00:00
"weiblich";47;2020-03-27 01:00:00
"männlich";53;2020-03-27 02:00:00
"weiblich";47;2020-03-27 02:00:00
"männlich";53;2020-03-27 03:00:00
"weiblich";47;2020-03-27 03:00:00
"männlich";53;2020-03-27 04:00:00
"weiblich";47;2020-03-27 04:00:00
"männlich";53;2020-03-27 05:00:00
"weiblich";47;2020-03-27 05:00:00
"männlich";53;2020-03-27 06:00:00
"weiblich";47;2020-03-27 06:00:00
"männlich";53;2020-03-27 07:00:00
"weiblich";47;2020-03-27 07:00:00
"männlich";53;2020-03-27 08:00:00
"weiblich";47;2020-03-27 08:00:00
"männlich";53;2020-03-27 09:00:00
"weiblich";47;2020-03-27 09:00:00
"männlich";53;2020-03-27 10:00:00
"weiblich";47;2020-03-27 10:00:00
"männlich";53;2020-03-27 11:00:00
"weiblich";47;2020-03-27 11:00:00
"männlich";53;2020-03-27 12:00:00
"weiblich";47;2020-03-27 12:00:00
"männlich";53;2020-03-27 13:00:00
"weiblich";47;2020-03-27 13:00:00
"männlich";53;2020-03-27 14:00:00
"weiblich";47;2020-03-27 14:00:00
"männlich";53;2020-03-27 15:00:00
"weiblich";47;2020-03-27 15:00:00
"männlich";53;2020-03-27 16:00:00
"weiblich";47;2020-03-27 16:00:00
"männlich";53;2020-03-27 17:00:00
"weiblich";47;2020-03-27 17:00:00
"männlich";53;2020-03-27 18:00:00
"weiblich";47;2020-03-27 18:00:00
"männlich";53;2020-03-27 19:00:00
"weiblich";47;2020-03-27 19:00:00
"männlich";53;2020-03-27 20:00:00
"weiblich";47;2020-03-27 20:00:00
"männlich";53;2020-03-27 21:00:00
"weiblich";47;2020-03-27 21:00:00
"männlich";53;2020-03-27 22:00:00
"weiblich";47;2020-03-27 22:00:00
"männlich";53;2020-03-27 23:00:00
"weiblich";47;2020-03-27 23:00:00
"männlich";53;2020-03-28 00:00:00
"weiblich";47;2020-03-28 00:00:00
"männlich";53;2020-03-28 01:00:00
"weiblich";47;2020-03-28 01:00:00
"männlich";53;2020-03-28 02:00:00
"weiblich";47;2020-03-28 02:00:00
"männlich";53;2020-03-28 03:00:00
"weiblich";47;2020-03-28 03:00:00
"männlich";53;2020-03-28 04:00:00
"weiblich";47;2020-03-28 04:00:00
"männlich";53;2020-03-28 05:00:00
"weiblich";47;2020-03-28 05:00:00
"männlich";53;2020-03-28 06:00:00
"weiblich";47;2020-03-28 06:00:00
"männlich";53;2020-03-28 07:00:00
"weiblich";47;2020-03-28 07:00:00
"männlich";53;2020-03-28 08:00:00
"weiblich";47;2020-03-28 08:00:00
"männlich";53;2020-03-28 09:00:00
"weiblich";47;2020-03-28 09:00:00
"männlich";53;2020-03-28 10:00:00
"weiblich";47;2020-03-28 10:00:00
"männlich";53;2020-03-28 11:00:00
"weiblich";47;2020-03-28 11:00:00
"männlich";53;2020-03-28 12:00:00
"weiblich";47;2020-03-28 12:00:00
"männlich";53;2020-03-28 13:00:00
"weiblich";47;2020-03-28 13:00:00
"männlich";53;2020-03-28 14:00:00
"weiblich";47;2020-03-28 14:00:00
"männlich";53;2020-03-28 15:00:00
"weiblich";47;2020-03-28 15:00:00
"männlich";53;2020-03-28 16:00:00
"weiblich";47;2020-03-28 16:00:00
"männlich";53;2020-03-28 17:00:00
"weiblich";47;2020-03-28 17:00:00
"männlich";53;2020-03-28 18:00:00
"weiblich";47;2020-03-28 18:00:00
"männlich";52;2020-03-28 19:00:00
"weiblich";48;2020-03-28 19:00:00
"männlich";52;2020-03-28 20:00:00
"weiblich";48;2020-03-28 20:00:00
"männlich";52;2020-03-28 21:00:00
"weiblich";48;2020-03-28 21:00:00
"männlich";52;2020-03-28 22:00:00
"weiblich";48;2020-03-28 22:00:00
"männlich";52;2020-03-28 23:00:00
"weiblich";48;2020-03-28 23:00:00
"männlich";52;2020-03-29 00:00:00
"weiblich";48;2020-03-29 00:00:00
"männlich";52;2020-03-29 01:00:00
"weiblich";48;2020-03-29 01:00:00
"männlich";52;2020-03-29 01:01:47
"weiblich";48;2020-03-29 01:01:47
"männlich";52;2020-03-29 03:00:00
"weiblich";48;2020-03-29 03:00:00
"männlich";52;2020-03-29 04:00:00
"weiblich";48;2020-03-29 04:00:00
"männlich";52;2020-03-29 05:00:00
"weiblich";48;2020-03-29 05:00:00
"männlich";52;2020-03-29 06:00:00
"weiblich";48;2020-03-29 06:00:00
"männlich";52;2020-03-29 07:00:00
"weiblich";48;2020-03-29 07:00:00
"männlich";52;2020-03-29 08:00:00
"weiblich";48;2020-03-29 08:00:00
"männlich";52;2020-03-29 09:00:00
"weiblich";48;2020-03-29 09:00:00
"männlich";52;2020-03-29 10:00:00
"weiblich";48;2020-03-29 10:00:00
"männlich";52;2020-03-29 11:00:00
"weiblich";48;2020-03-29 11:00:00
"männlich";52;2020-03-29 12:00:00
"weiblich";48;2020-03-29 12:00:00
"männlich";52;2020-03-29 13:00:00
"weiblich";48;2020-03-29 13:00:00
"männlich";52;2020-03-29 14:00:00
"weiblich";48;2020-03-29 14:00:00
"männlich";52;2020-03-29 15:00:00
"weiblich";48;2020-03-29 15:00:00
"männlich";52;2020-03-29 16:00:00
"weiblich";48;2020-03-29 16:00:00
"männlich";52;2020-03-29 17:00:00
"weiblich";48;2020-03-29 17:00:00
"männlich";52;2020-03-29 18:00:00
"weiblich";48;2020-03-29 18:00:00
"männlich";52;2020-03-29 19:00:00
"weiblich";48;2020-03-29 19:00:00
"männlich";52;2020-03-29 20:00:00
"weiblich";48;2020-03-29 20:00:00
"männlich";52;2020-03-29 21:00:00
"weiblich";48;2020-03-29 21:00:00
"männlich";52;2020-03-29 22:00:00
"weiblich";48;2020-03-29 22:00:00
"männlich";52;2020-03-29 23:00:00
"weiblich";48;2020-03-29 23:00:00
"männlich";52;2020-03-30 00:00:00
"weiblich";48;2020-03-30 00:00:00
"männlich";52;2020-03-30 01:00:00
"weiblich";48;2020-03-30 01:00:00
"männlich";52;2020-03-30 02:00:00
"weiblich";48;2020-03-30 02:00:00
"männlich";52;2020-03-30 03:00:00
"weiblich";48;2020-03-30 03:00:00
"männlich";52;2020-03-30 04:00:00
"weiblich";48;2020-03-30 04:00:00
"männlich";52;2020-03-30 05:00:00
"weiblich";48;2020-03-30 05:00:00
"männlich";52;2020-03-30 06:00:00
"weiblich";48;2020-03-30 06:00:00
"männlich";52;2020-03-30 07:00:00
"weiblich";48;2020-03-30 07:00:00
"männlich";52;2020-03-30 08:00:00
"weiblich";48;2020-03-30 08:00:00
"männlich";52;2020-03-30 09:00:00
"weiblich";48;2020-03-30 09:00:00
"männlich";52;2020-03-30 10:00:00
"weiblich";48;2020-03-30 10:00:00
"männlich";52;2020-03-30 12:00:00
"weiblich";48;2020-03-30 12:00:00
"männlich";52;2020-03-30 13:00:00
"weiblich";48;2020-03-30 13:00:00
"männlich";52;2020-03-30 14:00:00
"weiblich";48;2020-03-30 14:00:00
"männlich";52;2020-03-30 15:00:00
"weiblich";48;2020-03-30 15:00:00
"männlich";52;2020-03-30 16:00:00
"weiblich";48;2020-03-30 16:00:00
"männlich";52;2020-03-30 17:00:00
"weiblich";48;2020-03-30 17:00:00
"männlich";52;2020-03-30 18:00:00
"weiblich";48;2020-03-30 18:00:00
"männlich";52;2020-03-30 19:00:00
"weiblich";48;2020-03-30 19:00:00
"männlich";52;2020-03-30 20:00:00
"weiblich";48;2020-03-30 20:00:00
"männlich";52;2020-03-30 21:00:00
"weiblich";48;2020-03-30 21:00:00
"männlich";52;2020-03-30 22:00:00
"weiblich";48;2020-03-30 22:00:00
"männlich";52;2020-03-30 22:59:59
"weiblich";48;2020-03-30 22:59:59
"männlich";52;2020-03-31 00:00:00
"weiblich";48;2020-03-31 00:00:00
"männlich";52;2020-03-31 01:00:00
"weiblich";48;2020-03-31 01:00:00
"männlich";52;2020-03-31 02:00:00
"weiblich";48;2020-03-31 02:00:00
"männlich";52;2020-03-31 03:00:00
"weiblich";48;2020-03-31 03:00:00
"männlich";52;2020-03-31 04:00:00
"weiblich";48;2020-03-31 04:00:00
"männlich";52;2020-03-31 05:00:00
"weiblich";48;2020-03-31 05:00:00
"männlich";52;2020-03-31 06:00:00
"weiblich";48;2020-03-31 06:00:00
"männlich";52;2020-03-31 07:00:00
"weiblich";48;2020-03-31 07:00:00
"männlich";52;2020-03-31 08:00:00
"weiblich";48;2020-03-31 08:00:00
"männlich";52;2020-03-31 09:00:00
"weiblich";48;2020-03-31 09:00:00
"männlich";52;2020-03-31 10:00:00
"weiblich";48;2020-03-31 10:00:00
"männlich";52;2020-03-31 11:00:00
"weiblich";48;2020-03-31 11:00:00
"männlich";52;2020-03-31 12:00:00
"weiblich";48;2020-03-31 12:00:00
"männlich";52;2020-03-31 13:00:00
"weiblich";48;2020-03-31 13:00:00
"männlich";52;2020-03-31 14:00:00
"weiblich";48;2020-03-31 14:00:00
"männlich";52;2020-03-31 15:00:00
"weiblich";48;2020-03-31 15:00:00
"männlich";52;2020-03-31 16:00:00
"weiblich";48;2020-03-31 16:00:00
"männlich";52;2020-03-31 17:00:00
"weiblich";48;2020-03-31 17:00:00
"männlich";52;2020-03-31 18:00:00
"weiblich";48;2020-03-31 18:00:00
"männlich";52;2020-03-31 19:00:00
"weiblich";48;2020-03-31 19:00:00
"männlich";52;2020-03-31 20:00:00
"weiblich";48;2020-03-31 20:00:00
"männlich";52;2020-03-31 21:00:00
"weiblich";48;2020-03-31 21:00:00
"männlich";52;2020-03-31 22:00:00
"weiblich";48;2020-03-31 22:00:00
"männlich";51;2020-03-31 23:00:00
"weiblich";49;2020-03-31 23:00:00
"männlich";51;2020-04-01 00:00:00
"weiblich";49;2020-04-01 00:00:00
"männlich";51;2020-04-01 01:00:00
"weiblich";49;2020-04-01 01:00:00
"männlich";51;2020-04-01 02:00:00
"weiblich";49;2020-04-01 02:00:00
"männlich";51;2020-04-01 03:00:00
"weiblich";49;2020-04-01 03:00:00
"männlich";51;2020-04-01 04:00:00
"weiblich";49;2020-04-01 04:00:00
"männlich";51;2020-04-01 05:00:00
"weiblich";49;2020-04-01 05:00:00
"männlich";51;2020-04-01 06:00:00
"weiblich";49;2020-04-01 06:00:00
"männlich";51;2020-04-01 07:00:00
"weiblich";49;2020-04-01 07:00:00
"männlich";51;2020-04-01 08:00:00
"weiblich";49;2020-04-01 08:00:00
"männlich";51;2020-04-01 09:00:00
"weiblich";49;2020-04-01 09:00:00
"männlich";51;2020-04-01 10:00:00
"weiblich";49;2020-04-01 10:00:00
"männlich";51;2020-04-01 11:00:00
"weiblich";49;2020-04-01 11:00:00
"männlich";51;2020-04-01 12:00:00
"weiblich";49;2020-04-01 12:00:00
"männlich";51;2020-04-01 13:00:00
"weiblich";49;2020-04-01 13:00:00
"männlich";51;2020-04-01 14:00:00
"weiblich";49;2020-04-01 14:00:00
"männlich";51;2020-04-01 15:00:00
"weiblich";49;2020-04-01 15:00:00
"männlich";51;2020-04-01 16:00:00
"weiblich";49;2020-04-01 16:00:00
"männlich";51;2020-04-01 17:00:00
"weiblich";49;2020-04-01 17:00:00
"männlich";51;2020-04-01 18:00:00
"weiblich";49;2020-04-01 18:00:00
"männlich";51;2020-04-01 19:00:00
"weiblich";49;2020-04-01 19:00:00
"männlich";51;2020-04-01 20:00:00
"weiblich";49;2020-04-01 20:00:00
"männlich";51;2020-04-01 21:00:00
"weiblich";49;2020-04-01 21:00:00
"männlich";51;2020-04-01 22:00:00
"weiblich";49;2020-04-01 22:00:00
"männlich";51;2020-04-01 23:00:00
"weiblich";49;2020-04-01 23:00:00
"männlich";51;2020-04-02 00:00:00
"weiblich";49;2020-04-02 00:00:00
"männlich";51;2020-04-02 01:00:00
"weiblich";49;2020-04-02 01:00:00
"männlich";51;2020-04-02 02:00:00
"weiblich";49;2020-04-02 02:00:00
"männlich";51;2020-04-02 03:00:00
"weiblich";49;2020-04-02 03:00:00
"männlich";51;2020-04-02 04:00:00
"weiblich";49;2020-04-02 04:00:00
"männlich";51;2020-04-02 05:00:00
"weiblich";49;2020-04-02 05:00:00
"männlich";51;2020-04-02 06:00:00
"weiblich";49;2020-04-02 06:00:00
"männlich";51;2020-04-02 07:00:00
"weiblich";49;2020-04-02 07:00:00
"männlich";51;2020-04-02 08:00:00
"weiblich";49;2020-04-02 08:00:00
"männlich";51;2020-04-02 09:00:00
"weiblich";49;2020-04-02 09:00:00
"männlich";51;2020-04-02 10:00:00
"weiblich";49;2020-04-02 10:00:00
"männlich";51;2020-04-02 11:00:00
"weiblich";49;2020-04-02 11:00:00
"männlich";51;2020-04-02 12:00:00
"weiblich";49;2020-04-02 12:00:00
"männlich";51;2020-04-02 13:00:00
"weiblich";49;2020-04-02 13:00:00
"männlich";51;2020-04-02 14:00:00
"weiblich";49;2020-04-02 14:00:00
"männlich";51;2020-04-02 15:00:00
"weiblich";49;2020-04-02 15:00:00
"männlich";51;2020-04-02 16:00:00
"weiblich";49;2020-04-02 16:00:00
"männlich";51;2020-04-02 17:00:00
"weiblich";49;2020-04-02 17:00:00
"männlich";51;2020-04-02 18:00:00
"weiblich";49;2020-04-02 18:00:00
"männlich";51;2020-04-02 19:00:00
"weiblich";49;2020-04-02 19:00:00
"männlich";51;2020-04-02 20:00:00
"weiblich";49;2020-04-02 20:00:00
"männlich";51;2020-04-02 21:00:00
"weiblich";49;2020-04-02 21:00:00
"männlich";51;2020-04-02 22:00:00
"weiblich";49;2020-04-02 22:00:00
"männlich";51;2020-04-02 23:00:00
"weiblich";49;2020-04-02 23:00:00
"männlich";51;2020-04-03 00:00:00
"weiblich";49;2020-04-03 00:00:00
"männlich";51;2020-04-03 01:00:00
"weiblich";49;2020-04-03 01:00:00
"männlich";51;2020-04-03 02:00:00
"weiblich";49;2020-04-03 02:00:00
"männlich";51;2020-04-03 03:00:00
"weiblich";49;2020-04-03 03:00:00
"männlich";51;2020-04-03 04:00:00
"weiblich";49;2020-04-03 04:00:00
"männlich";51;2020-04-03 05:00:00
"weiblich";49;2020-04-03 05:00:00
"männlich";51;2020-04-03 06:00:00
"weiblich";49;2020-04-03 06:00:00
"männlich";51;2020-04-03 07:00:00
"weiblich";49;2020-04-03 07:00:00
"männlich";51;2020-04-03 08:00:00
"weiblich";49;2020-04-03 08:00:00
