﻿Meldedatum;BundeslandID;Bundesland;NormalBettenBelCovid19;IntensivBettenKapGes;IntensivBettenBelCovid19;IntensivBettenBelNichtCovid19;IntensivBettenFrei;TestGesamt
11.07.2021 00:00:00;1;Burgenland;1;58;1;40;17;2294319
11.07.2021 00:00:00;2;Kärnten;10;173;2;130;41;2027837
11.07.2021 00:00:00;3;Niederösterreich;6;333;9;212;112;11859932
11.07.2021 00:00:00;4;Oberösterreich;3;279;3;139;137;9139090
11.07.2021 00:00:00;5;Salzburg;3;133;0;84;49;3565844
11.07.2021 00:00:00;6;Steiermark;1;338;1;214;123;7976126
11.07.2021 00:00:00;7;Tirol;4;197;2;132;63;5213119
11.07.2021 00:00:00;8;Vorarlberg;0;52;1;25;26;3605956
11.07.2021 00:00:00;9;Wien;34;489;18;0;0;13421638
11.07.2021 00:00:00;10;Österreich;62;2052;37;1101;914;59103861